{"mean":{"confidence_interval":{"confidence_level":0.95,"lower_bound":32986387.1345,"upper_bound":33160718.3935},"point_estimate":33066452.440000005,"standard_error":44880.832940154265},"median":{"confidence_interval":{"confidence_level":0.95,"lower_bound":32948945.7,"upper_bound":33066363.6},"point_estimate":33023716.9,"standard_error":35987.997839829484},"median_abs_dev":{"confidence_interval":{"confidence_level":0.95,"lower_bound":61324.78271126747,"upper_bound":232683.39114904514},"point_estimate":142743.24286580086,"standard_error":49368.739656690464},"slope":null,"std_dev":{"confidence_interval":{"confidence_level":0.95,"lower_bound":103361.49033935012,"upper_bound":280230.8044576281},"point_estimate":206900.9590133163,"standard_error":46472.64860220584}}