{"mean":{"confidence_interval":{"confidence_level":0.95,"lower_bound":34992887.3295,"upper_bound":35153435.45700001},"point_estimate":35070014.870000005,"standard_error":40904.11002531689},"median":{"confidence_interval":{"confidence_level":0.95,"lower_bound":34951777.8,"upper_bound":35133086.8},"point_estimate":35035823.8,"standard_error":46695.8885406662},"median_abs_dev":{"confidence_interval":{"confidence_level":0.95,"lower_bound":68078.91515135986,"upper_bound":269685.0834721349},"point_estimate":160162.45821654465,"standard_error":50050.96299014249},"slope":null,"std_dev":{"confidence_interval":{"confidence_level":0.95,"lower_bound":120478.37900205678,"upper_bound":232392.9841253018},"point_estimate":187658.51415805725,"standard_error":28529.44244592564}}