{"mean":{"confidence_interval":{"confidence_level":0.95,"lower_bound":29279808.950208332,"upper_bound":29514645.869166672},"point_estimate":29377239.45,"standard_error":61286.45858364357},"median":{"confidence_interval":{"confidence_level":0.95,"lower_bound":29274628.416666668,"upper_bound":29350112.583333336},"point_estimate":29317640.75,"standard_error":18378.988152100417},"median_abs_dev":{"confidence_interval":{"confidence_level":0.95,"lower_bound":28082.173201443606,"upper_bound":166764.0805393439},"point_estimate":84172.63670563606,"standard_error":38707.02342876761},"slope":null,"std_dev":{"confidence_interval":{"confidence_level":0.95,"lower_bound":69363.80325352887,"upper_bound":421630.42120550823},"point_estimate":278834.4939372458,"standard_error":101139.09901155917}}