{"mean":{"confidence_interval":{"confidence_level":0.95,"lower_bound":30166925.742749996,"upper_bound":30304902.83175},"point_estimate":30224297.060000002,"standard_error":35966.17761343261},"median":{"confidence_interval":{"confidence_level":0.95,"lower_bound":30135459.2,"upper_bound":30235193.6},"point_estimate":30214769.9,"standard_error":29673.301407213236},"median_abs_dev":{"confidence_interval":{"confidence_level":0.95,"lower_bound":32267.89886712807,"upper_bound":140960.86117744556},"point_estimate":85163.65594804232,"standard_error":27729.115696163382},"slope":null,"std_dev":{"confidence_interval":{"confidence_level":0.95,"lower_bound":57492.69914897263,"upper_bound":258311.5836833838},"point_estimate":165474.10248862894,"standard_error":62901.78276813909}}