{"mean":{"confidence_interval":{"confidence_level":0.95,"lower_bound":32738531.569249995,"upper_bound":32843883.419000003},"point_estimate":32791683.409999996,"standard_error":27013.856198879952},"median":{"confidence_interval":{"confidence_level":0.95,"lower_bound":32687641.7,"upper_bound":32887182.8},"point_estimate":32805146.799999997,"standard_error":60801.87138019062},"median_abs_dev":{"confidence_interval":{"confidence_level":0.95,"lower_bound":37026.30348265226,"upper_bound":198735.40999174284},"point_estimate":143440.65789341982,"standard_error":42796.3164596344},"slope":null,"std_dev":{"confidence_interval":{"confidence_level":0.95,"lower_bound":96017.00768596426,"upper_bound":142184.22676839528},"point_estimate":123793.49628731661,"standard_error":11776.610322160666}}