{"mean":{"confidence_interval":{"confidence_level":0.95,"lower_bound":34362069.8545,"upper_bound":34463577.61475},"point_estimate":34407526.86,"standard_error":26051.510415337507},"median":{"confidence_interval":{"confidence_level":0.95,"lower_bound":34352002.1,"upper_bound":34417196.6},"point_estimate":34396671.400000006,"standard_error":16878.92590656359},"median_abs_dev":{"confidence_interval":{"confidence_level":0.95,"lower_bound":24140.25245292417,"upper_bound":124534.83954906132},"point_estimate":74742.16421305912,"standard_error":25306.889596523222},"slope":null,"std_dev":{"confidence_interval":{"confidence_level":0.95,"lower_bound":55155.36664728874,"upper_bound":175351.660363051},"point_estimate":119718.40944031191,"standard_error":34248.76396782765}}