{"mean":{"confidence_interval":{"confidence_level":0.95,"lower_bound":29970642.590833325,"upper_bound":30078860.51333333},"point_estimate":30024509.025,"standard_error":27552.76579939069},"median":{"confidence_interval":{"confidence_level":0.95,"lower_bound":29932982.0,"upper_bound":30088725.416666664},"point_estimate":30070300.166666668,"standard_error":49864.693252216755},"median_abs_dev":{"confidence_interval":{"confidence_level":0.95,"lower_bound":30022.649466991425,"upper_bound":196810.82225591037},"point_estimate":127588.84723484516,"standard_error":45106.83478071624},"slope":null,"std_dev":{"confidence_interval":{"confidence_level":0.95,"lower_bound":91060.99441875606,"upper_bound":154266.00640261875},"point_estimate":126422.04314476003,"standard_error":16290.222056938765}}