{"mean":{"confidence_interval":{"confidence_level":0.95,"lower_bound":33558633.7015,"upper_bound":33787435.02950001},"point_estimate":33667302.83999999,"standard_error":58681.88098900893},"median":{"confidence_interval":{"confidence_level":0.95,"lower_bound":33507257.1,"upper_bound":33782241.3},"point_estimate":33678957.2,"standard_error":73815.84040305618},"median_abs_dev":{"confidence_interval":{"confidence_level":0.95,"lower_bound":111201.52146577614,"upper_bound":354398.9185881681},"point_estimate":215000.7177829687,"standard_error":61945.64237762542},"slope":null,"std_dev":{"confidence_interval":{"confidence_level":0.95,"lower_bound":162133.25182838444,"upper_bound":364583.4640585116},"point_estimate":269162.51543111773,"standard_error":54823.685834587275}}