{"mean":{"confidence_interval":{"confidence_level":0.95,"lower_bound":34404344.16550001,"upper_bound":34835098.16825001},"point_estimate":34578249.45,"standard_error":113893.60182202076},"median":{"confidence_interval":{"confidence_level":0.95,"lower_bound":34324724.2,"upper_bound":34534291.9},"point_estimate":34478036.7,"standard_error":56355.59388276661},"median_abs_dev":{"confidence_interval":{"confidence_level":0.95,"lower_bound":82450.34973621368,"upper_bound":350612.3582553819},"point_estimate":227301.10846460419,"standard_error":70196.84940029492},"slope":null,"std_dev":{"confidence_interval":{"confidence_level":0.95,"lower_bound":136079.6785011894,"upper_bound":818368.1915883169},"point_estimate":520660.6635940473,"standard_error":213279.5402326734}}