{"mean":{"confidence_interval":{"confidence_level":0.95,"lower_bound":31110369.18825,"upper_bound":31243310.35875},"point_estimate":31175563.560000002,"standard_error":33921.12423652245},"median":{"confidence_interval":{"confidence_level":0.95,"lower_bound":31065371.299999997,"upper_bound":31243306.5},"point_estimate":31186452.9,"standard_error":59341.981420719785},"median_abs_dev":{"confidence_interval":{"confidence_level":0.95,"lower_bound":58428.37540268953,"upper_bound":239359.2423105262},"point_estimate":179515.57697296087,"standard_error":44679.325062901036},"slope":null,"std_dev":{"confidence_interval":{"confidence_level":0.95,"lower_bound":110540.4946182866,"upper_bound":188788.90498122966},"point_estimate":155852.7096758733,"standard_error":20040.32928292923}}