{"mean":{"confidence_interval":{"confidence_level":0.95,"lower_bound":30772377.982,"upper_bound":30904102.181250006},"point_estimate":30836151.080000002,"standard_error":33699.000605189714},"median":{"confidence_interval":{"confidence_level":0.95,"lower_bound":30766410.6,"upper_bound":30909178.6},"point_estimate":30806904.4,"standard_error":36107.164543643725},"median_abs_dev":{"confidence_interval":{"confidence_level":0.95,"lower_bound":49826.775135396805,"upper_bound":240616.78360819374},"point_estimate":142717.1491062619,"standard_error":57865.999526491505},"slope":null,"std_dev":{"confidence_interval":{"confidence_level":0.95,"lower_bound":99930.26124600103,"upper_bound":193256.18606713167},"point_estimate":154557.2170861946,"standard_error":23997.291568171822}}