{"mean":{"confidence_interval":{"confidence_level":0.95,"lower_bound":34874042.69025,"upper_bound":35112602.24099999},"point_estimate":34977415.15,"standard_error":61397.11373727047},"median":{"confidence_interval":{"confidence_level":0.95,"lower_bound":34826256.8,"upper_bound":35065591.0},"point_estimate":34962779.3,"standard_error":70327.21037885385},"median_abs_dev":{"confidence_interval":{"confidence_level":0.95,"lower_bound":75700.2203160436,"upper_bound":266817.1420830422},"point_estimate":194442.54176795372,"standard_error":47389.67236783692},"slope":null,"std_dev":{"confidence_interval":{"confidence_level":0.95,"lower_bound":124083.37629879758,"upper_bound":430094.5273378586},"point_estimate":281993.8942164068,"standard_error":94219.06944117718}}