{"mean":{"confidence_interval":{"confidence_level":0.95,"lower_bound":34772103.48199999,"upper_bound":34970944.553},"point_estimate":34851181.480000004,"standard_error":52646.98669849708},"median":{"confidence_interval":{"confidence_level":0.95,"lower_bound":34734786.4,"upper_bound":34878501.2},"point_estimate":34816385.400000006,"standard_error":31790.555317311326},"median_abs_dev":{"confidence_interval":{"confidence_level":0.95,"lower_bound":55918.185387249345,"upper_bound":160615.5407684975},"point_estimate":136441.45167768002,"standard_error":26859.93065446851},"slope":null,"std_dev":{"confidence_interval":{"confidence_level":0.95,"lower_bound":73349.02620232513,"upper_bound":384751.36204188433},"point_estimate":240995.9967547608,"standard_error":102472.08154757207}}