{"mean":{"confidence_interval":{"confidence_level":0.95,"lower_bound":30877274.826749995,"upper_bound":30966452.0015},"point_estimate":30921884.49,"standard_error":22695.23573611554},"median":{"confidence_interval":{"confidence_level":0.95,"lower_bound":30881678.4,"upper_bound":30968947.299999997},"point_estimate":30903183.2,"standard_error":28343.85454320744},"median_abs_dev":{"confidence_interval":{"confidence_level":0.95,"lower_bound":33624.774363043136,"upper_bound":164874.0163793975},"point_estimate":89832.95630514622,"standard_error":31930.14613832658},"slope":null,"std_dev":{"confidence_interval":{"confidence_level":0.95,"lower_bound":69158.34538163405,"upper_bound":130740.04919889485},"point_estimate":104201.06463744404,"standard_error":15722.324587899247}}