{"mean":{"confidence_interval":{"confidence_level":0.95,"lower_bound":32224726.70625,"upper_bound":32466046.732499994},"point_estimate":32319397.15,"standard_error":65243.16801883452},"median":{"confidence_interval":{"confidence_level":0.95,"lower_bound":32236073.0,"upper_bound":32328752.2},"point_estimate":32267055.5,"standard_error":23265.05545184528},"median_abs_dev":{"confidence_interval":{"confidence_level":0.95,"lower_bound":27132.17255830544,"upper_bound":134185.82407772486},"point_estimate":91471.52579605469,"standard_error":24223.660842784546},"slope":null,"std_dev":{"confidence_interval":{"confidence_level":0.95,"lower_bound":60542.1464227837,"upper_bound":484600.3973617581},"point_estimate":298774.4136933721,"standard_error":137358.09787706766}}