{"mean":{"confidence_interval":{"confidence_level":0.95,"lower_bound":33027904.236250002,"upper_bound":33292301.632249996},"point_estimate":33157142.769999992,"standard_error":67797.28548849923},"median":{"confidence_interval":{"confidence_level":0.95,"lower_bound":32986358.0,"upper_bound":33290489.8},"point_estimate":33121178.0,"standard_error":88989.90268891529},"median_abs_dev":{"confidence_interval":{"confidence_level":0.95,"lower_bound":140851.14877939335,"upper_bound":471063.67269695026},"point_estimate":261300.38758098969,"standard_error":81931.97216684226},"slope":null,"std_dev":{"confidence_interval":{"confidence_level":0.95,"lower_bound":208293.3121380064,"upper_bound":387293.9951776671},"point_estimate":311060.28767547064,"standard_error":46125.276242880806}}