{"mean":{"confidence_interval":{"confidence_level":0.95,"lower_bound":32152268.7805,"upper_bound":32241798.76275},"point_estimate":32198217.49,"standard_error":22860.98899568357},"median":{"confidence_interval":{"confidence_level":0.95,"lower_bound":32136112.8,"upper_bound":32276634.1},"point_estimate":32208406.9,"standard_error":40001.08407785592},"median_abs_dev":{"confidence_interval":{"confidence_level":0.95,"lower_bound":48070.93198657091,"upper_bound":154209.81932223064},"point_estimate":119826.69507264814,"standard_error":26690.650873894956},"slope":null,"std_dev":{"confidence_interval":{"confidence_level":0.95,"lower_bound":72563.06043798155,"upper_bound":132521.5001111623},"point_estimate":105020.18656492895,"standard_error":15729.647512597836}}