{"mean":{"confidence_interval":{"confidence_level":0.95,"lower_bound":34116460.91125,"upper_bound":34195829.203499995},"point_estimate":34156124.07000001,"standard_error":20292.248634160573},"median":{"confidence_interval":{"confidence_level":0.95,"lower_bound":34100073.0,"upper_bound":34194466.2},"point_estimate":34158560.5,"standard_error":26733.788413098704},"median_abs_dev":{"confidence_interval":{"confidence_level":0.95,"lower_bound":39622.780816548395,"upper_bound":144767.88138985855},"point_estimate":88618.8551866975,"standard_error":26474.402892656042},"slope":null,"std_dev":{"confidence_interval":{"confidence_level":0.95,"lower_bound":64050.46088630049,"upper_bound":114621.69161997645},"point_estimate":93264.00198039392,"standard_error":12867.34172847469}}