{"mean":{"confidence_interval":{"confidence_level":0.95,"lower_bound":35848325.092750005,"upper_bound":35930264.83674999},"point_estimate":35888592.96,"standard_error":20853.8175890583},"median":{"confidence_interval":{"confidence_level":0.95,"lower_bound":35835522.4,"upper_bound":35929189.2},"point_estimate":35876147.8,"standard_error":23649.460178832862},"median_abs_dev":{"confidence_interval":{"confidence_level":0.95,"lower_bound":46130.20862102287,"upper_bound":152819.88184690697},"point_estimate":79924.295901059,"standard_error":27210.929450929998},"slope":null,"std_dev":{"confidence_interval":{"confidence_level":0.95,"lower_bound":64604.33412414851,"upper_bound":117939.63232458913},"point_estimate":95143.44599237257,"standard_error":13652.71729214028}}