{"mean":{"confidence_interval":{"confidence_level":0.95,"lower_bound":32895385.281999998,"upper_bound":32984923.287000004},"point_estimate":32937824.740000002,"standard_error":22865.355017425118},"median":{"confidence_interval":{"confidence_level":0.95,"lower_bound":32872747.6,"upper_bound":32961318.8},"point_estimate":32924074.700000003,"standard_error":22360.896724070375},"median_abs_dev":{"confidence_interval":{"confidence_level":0.95,"lower_bound":36726.966547966,"upper_bound":159421.60300970133},"point_estimate":98957.17306316065,"standard_error":33218.074035617086},"slope":null,"std_dev":{"confidence_interval":{"confidence_level":0.95,"lower_bound":62312.41895109011,"upper_bound":132632.65541335422},"point_estimate":104860.12739053105,"standard_error":17873.92501442096}}