{"mean":{"confidence_interval":{"confidence_level":0.95,"lower_bound":30140431.393499997,"upper_bound":30188678.49000001},"point_estimate":30164323.920000006,"standard_error":12316.780224264663},"median":{"confidence_interval":{"confidence_level":0.95,"lower_bound":30141018.5,"upper_bound":30190790.1},"point_estimate":30160452.5,"standard_error":14631.531664666023},"median_abs_dev":{"confidence_interval":{"confidence_level":0.95,"lower_bound":21968.276849988437,"upper_bound":82106.53480231707},"point_estimate":48503.40639889185,"standard_error":14259.58760696761},"slope":null,"std_dev":{"confidence_interval":{"confidence_level":0.95,"lower_bound":36078.67731432044,"upper_bound":72114.40137022374},"point_estimate":56475.03357187885,"standard_error":9250.816948889604}}