{"mean":{"confidence_interval":{"confidence_level":0.95,"lower_bound":31663381.835500006,"upper_bound":32076768.091249995},"point_estimate":31822853.470000006,"standard_error":113001.26244583425},"median":{"confidence_interval":{"confidence_level":0.95,"lower_bound":31630496.0,"upper_bound":31787714.0},"point_estimate":31724706.0,"standard_error":34961.0922817478},"median_abs_dev":{"confidence_interval":{"confidence_level":0.95,"lower_bound":63136.22335910908,"upper_bound":236047.21404481973},"point_estimate":142100.684037208,"standard_error":43725.05033155105},"slope":null,"std_dev":{"confidence_interval":{"confidence_level":0.95,"lower_bound":102406.75516676926,"upper_bound":835613.5913756392},"point_estimate":518305.26612335804,"standard_error":240420.1386077029}}