{"mean":{"confidence_interval":{"confidence_level":0.95,"lower_bound":33416429.47875,"upper_bound":33546342.6},"point_estimate":33478837.15,"standard_error":33177.874401657966},"median":{"confidence_interval":{"confidence_level":0.95,"lower_bound":33375444.8,"upper_bound":33535874.6},"point_estimate":33458132.8,"standard_error":39159.981379809586},"median_abs_dev":{"confidence_interval":{"confidence_level":0.95,"lower_bound":74708.2126736641,"upper_bound":239029.21555638313},"point_estimate":148870.82855701447,"standard_error":42646.24134343706},"slope":null,"std_dev":{"confidence_interval":{"confidence_level":0.95,"lower_bound":100703.29301344354,"upper_bound":186196.7709164359},"point_estimate":152233.39685761358,"standard_error":21769.09905991063}}