{"mean":{"confidence_interval":{"confidence_level":0.95,"lower_bound":3993121.734208522,"upper_bound":4038716.1950835534},"point_estimate":4011941.06767044,"standard_error":11925.313950190915},"median":{"confidence_interval":{"confidence_level":0.95,"lower_bound":3988750.6875,"upper_bound":4007533.942982456},"point_estimate":3997454.994791667,"standard_error":4990.495966868989},"median_abs_dev":{"confidence_interval":{"confidence_level":0.95,"lower_bound":9380.559020226587,"upper_bound":30168.621737587524},"point_estimate":16509.797427369424,"standard_error":5313.805596023937},"slope":{"confidence_interval":{"confidence_level":0.95,"lower_bound":3985665.0794732915,"upper_bound":4025269.432838895},"point_estimate":3999725.511933798,"standard_error":10623.97973144005},"std_dev":{"confidence_interval":{"confidence_level":0.95,"lower_bound":13637.831201777533,"upper_bound":83755.79241159363},"point_estimate":54587.18179028647,"standard_error":20595.85433955737}}