{"mean":{"confidence_interval":{"confidence_level":0.95,"lower_bound":30992560.606999997,"upper_bound":31108205.6815},"point_estimate":31048011.229999997,"standard_error":29552.92289420904},"median":{"confidence_interval":{"confidence_level":0.95,"lower_bound":30978648.6,"upper_bound":31086922.3},"point_estimate":31031376.9,"standard_error":27346.939393707515},"median_abs_dev":{"confidence_interval":{"confidence_level":0.95,"lower_bound":54400.29953420162,"upper_bound":180649.17291283497},"point_estimate":106673.80940615854,"standard_error":33451.736390686965},"slope":null,"std_dev":{"confidence_interval":{"confidence_level":0.95,"lower_bound":81307.72525651666,"upper_bound":174738.7129238239},"point_estimate":135412.04429034222,"standard_error":24038.902987320827}}