{"mean":{"confidence_interval":{"confidence_level":0.95,"lower_bound":30849124.47625,"upper_bound":31530472.513749994},"point_estimate":31097597.830000002,"standard_error":198619.23163538365},"median":{"confidence_interval":{"confidence_level":0.95,"lower_bound":30800525.3,"upper_bound":30997982.1},"point_estimate":30929678.299999997,"standard_error":48356.69668190875},"median_abs_dev":{"confidence_interval":{"confidence_level":0.95,"lower_bound":80675.38104772678,"upper_bound":269330.7420784257},"point_estimate":177309.61647212395,"standard_error":49450.836825363716},"slope":null,"std_dev":{"confidence_interval":{"confidence_level":0.95,"lower_bound":116141.08143996028,"upper_bound":1490919.730763994},"point_estimate":910096.4848732885,"standard_error":482399.0572018505}}