{"mean":{"confidence_interval":{"confidence_level":0.95,"lower_bound":30897043.696499996,"upper_bound":31067412.856500003},"point_estimate":30982844.689999998,"standard_error":43625.31648616133},"median":{"confidence_interval":{"confidence_level":0.95,"lower_bound":30870356.0,"upper_bound":31130435.2},"point_estimate":30975467.3,"standard_error":90405.73873354743},"median_abs_dev":{"confidence_interval":{"confidence_level":0.95,"lower_bound":109798.24059069488,"upper_bound":330121.78879916336},"point_estimate":267150.87533712224,"standard_error":52946.63299123564},"slope":null,"std_dev":{"confidence_interval":{"confidence_level":0.95,"lower_bound":154369.11572885566,"upper_bound":229865.65822586653},"point_estimate":199863.1328257307,"standard_error":19266.84295158144}}