{"mean":{"confidence_interval":{"confidence_level":0.95,"lower_bound":3922532.058431299,"upper_bound":3943455.515884222},"point_estimate":3931461.4927828545,"standard_error":5410.008545694685},"median":{"confidence_interval":{"confidence_level":0.95,"lower_bound":3917870.9055397725,"upper_bound":3937063.595238095},"point_estimate":3924662.1805555555,"standard_error":5645.192191339793},"median_abs_dev":{"confidence_interval":{"confidence_level":0.95,"lower_bound":4885.109233205233,"upper_bound":23599.61160602301},"point_estimate":14283.538027666395,"standard_error":4636.351846696707},"slope":{"confidence_interval":{"confidence_level":0.95,"lower_bound":3917801.5280241068,"upper_bound":3942915.403056798},"point_estimate":3927705.5584494774,"standard_error":6582.0844468496025},"std_dev":{"confidence_interval":{"confidence_level":0.95,"lower_bound":9703.312472568534,"upper_bound":37435.07852599187},"point_estimate":24702.378377494515,"standard_error":8323.842551249725}}