{"mean":{"confidence_interval":{"confidence_level":0.95,"lower_bound":33223796.608249992,"upper_bound":33375615.003249995},"point_estimate":33300762.449999996,"standard_error":38757.54093477633},"median":{"confidence_interval":{"confidence_level":0.95,"lower_bound":33184026.2,"upper_bound":33412288.8},"point_estimate":33309390.299999997,"standard_error":60991.72034198062},"median_abs_dev":{"confidence_interval":{"confidence_level":0.95,"lower_bound":104220.84774971008,"upper_bound":290312.793425916},"point_estimate":194399.9911487075,"standard_error":46725.2549401524},"slope":null,"std_dev":{"confidence_interval":{"confidence_level":0.95,"lower_bound":128584.11194314327,"upper_bound":214213.5428747865},"point_estimate":178817.96435552,"standard_error":21896.592692396225}}