{"mean":{"confidence_interval":{"confidence_level":0.95,"lower_bound":36623753.519999996,"upper_bound":36721026.94100001},"point_estimate":36671174.92,"standard_error":24825.3781561076},"median":{"confidence_interval":{"confidence_level":0.95,"lower_bound":36622151.599999994,"upper_bound":36731154.4},"point_estimate":36661365.5,"standard_error":26786.63790871587},"median_abs_dev":{"confidence_interval":{"confidence_level":0.95,"lower_bound":46566.09301328438,"upper_bound":163881.41199052334},"point_estimate":107018.95868002926,"standard_error":32029.974485653933},"slope":null,"std_dev":{"confidence_interval":{"confidence_level":0.95,"lower_bound":74353.60765656887,"upper_bound":142824.91627144552},"point_estimate":114068.20912209379,"standard_error":17561.41875666764}}