{"mean":{"confidence_interval":{"confidence_level":0.95,"lower_bound":30262559.400499996,"upper_bound":30376427.33025},"point_estimate":30313473.910000004,"standard_error":29371.45126662364},"median":{"confidence_interval":{"confidence_level":0.95,"lower_bound":30256004.299999997,"upper_bound":30329433.5},"point_estimate":30282910.3,"standard_error":17747.4693215442},"median_abs_dev":{"confidence_interval":{"confidence_level":0.95,"lower_bound":30166.461664438248,"upper_bound":110927.68525064434},"point_estimate":79803.76052320059,"standard_error":20850.2066978879},"slope":null,"std_dev":{"confidence_interval":{"confidence_level":0.95,"lower_bound":50317.910343691554,"upper_bound":184945.69513210055},"point_estimate":134320.2377958848,"standard_error":35624.01398242435}}