{"mean":{"confidence_interval":{"confidence_level":0.95,"lower_bound":34440584.8285,"upper_bound":34522447.710499994},"point_estimate":34480586.01,"standard_error":20850.740103766624},"median":{"confidence_interval":{"confidence_level":0.95,"lower_bound":34425829.5,"upper_bound":34533243.4},"point_estimate":34461001.900000006,"standard_error":25160.60208660042},"median_abs_dev":{"confidence_interval":{"confidence_level":0.95,"lower_bound":42561.88700437767,"upper_bound":152348.2667952776},"point_estimate":102646.17831767489,"standard_error":27454.387433368993},"slope":null,"std_dev":{"confidence_interval":{"confidence_level":0.95,"lower_bound":66745.21082290434,"upper_bound":115110.48482468311},"point_estimate":95571.56003922061,"standard_error":12276.63737410196}}