{"mean":{"confidence_interval":{"confidence_level":0.95,"lower_bound":34619987.985999994,"upper_bound":34696050.70249999},"point_estimate":34658539.629999995,"standard_error":19413.623897156474},"median":{"confidence_interval":{"confidence_level":0.95,"lower_bound":34602810.599999994,"upper_bound":34711310.900000006},"point_estimate":34682910.1,"standard_error":28222.018050406947},"median_abs_dev":{"confidence_interval":{"confidence_level":0.95,"lower_bound":42447.430286399736,"upper_bound":148641.02556109428},"point_estimate":86687.47220098751,"standard_error":26108.03176996355},"slope":null,"std_dev":{"confidence_interval":{"confidence_level":0.95,"lower_bound":63539.54214831646,"upper_bound":106983.59865919311},"point_estimate":89117.70163610755,"standard_error":11032.137504964307}}