{"mean":{"confidence_interval":{"confidence_level":0.95,"lower_bound":35085157.74775001,"upper_bound":35256911.7145},"point_estimate":35155766.980000004,"standard_error":45039.13829057132},"median":{"confidence_interval":{"confidence_level":0.95,"lower_bound":35084959.0,"upper_bound":35163582.3},"point_estimate":35121865.8,"standard_error":18342.29809629536},"median_abs_dev":{"confidence_interval":{"confidence_level":0.95,"lower_bound":28732.787489896575,"upper_bound":145180.9337425221},"point_estimate":81732.03004896641,"standard_error":30529.182072944433},"slope":null,"std_dev":{"confidence_interval":{"confidence_level":0.95,"lower_bound":64562.58039780198,"upper_bound":327392.31742053054},"point_estimate":206820.08026736038,"standard_error":82710.58439317274}}