{"mean":{"confidence_interval":{"confidence_level":0.95,"lower_bound":33184052.282499995,"upper_bound":33422959.545500003},"point_estimate":33298460.71,"standard_error":61020.359015878676},"median":{"confidence_interval":{"confidence_level":0.95,"lower_bound":33137454.7,"upper_bound":33365848.5},"point_estimate":33268305.0,"standard_error":65646.23960265958},"median_abs_dev":{"confidence_interval":{"confidence_level":0.95,"lower_bound":105094.69217419403,"upper_bound":401887.7818250678},"point_estimate":325669.9858582025,"standard_error":83547.8370412514},"slope":null,"std_dev":{"confidence_interval":{"confidence_level":0.95,"lower_bound":174714.12155928236,"upper_bound":371098.26859918714},"point_estimate":280545.9610321237,"standard_error":52234.720365943074}}