{"mean":{"confidence_interval":{"confidence_level":0.95,"lower_bound":31759836.37025001,"upper_bound":31927813.35925},"point_estimate":31840443.32,"standard_error":43005.92106463086},"median":{"confidence_interval":{"confidence_level":0.95,"lower_bound":31753304.5,"upper_bound":31865030.9},"point_estimate":31810182.200000003,"standard_error":28137.812126769193},"median_abs_dev":{"confidence_interval":{"confidence_level":0.95,"lower_bound":50396.83482527899,"upper_bound":256067.99575388432},"point_estimate":106584.8534077406,"standard_error":51383.82838619709},"slope":null,"std_dev":{"confidence_interval":{"confidence_level":0.95,"lower_bound":115338.82947959458,"upper_bound":256770.422643872},"point_estimate":197976.75538976412,"standard_error":36179.73022845235}}