{"mean":{"confidence_interval":{"confidence_level":0.95,"lower_bound":34197835.89374999,"upper_bound":34313347.9875},"point_estimate":34256346.419999994,"standard_error":29517.240172619968},"median":{"confidence_interval":{"confidence_level":0.95,"lower_bound":34177646.9,"upper_bound":34316647.2},"point_estimate":34261842.1,"standard_error":36983.42300382763},"median_abs_dev":{"confidence_interval":{"confidence_level":0.95,"lower_bound":65531.51187658089,"upper_bound":211326.8350481987},"point_estimate":147781.1175763607,"standard_error":38697.25712993338},"slope":null,"std_dev":{"confidence_interval":{"confidence_level":0.95,"lower_bound":94324.96652367088,"upper_bound":165169.76714515372},"point_estimate":135400.4301936547,"standard_error":18074.26740472655}}