{"mean":{"confidence_interval":{"confidence_level":0.95,"lower_bound":32177956.30725,"upper_bound":32561921.980000004},"point_estimate":32357565.209999997,"standard_error":98160.19980058896},"median":{"confidence_interval":{"confidence_level":0.95,"lower_bound":32178028.1,"upper_bound":32390252.4},"point_estimate":32262187.200000003,"standard_error":56023.28357119606},"median_abs_dev":{"confidence_interval":{"confidence_level":0.95,"lower_bound":88962.67012059689,"upper_bound":453804.441002857},"point_estimate":215361.43435657411,"standard_error":99070.72646121634},"slope":null,"std_dev":{"confidence_interval":{"confidence_level":0.95,"lower_bound":215117.00206941276,"upper_bound":598500.7321555772},"point_estimate":450268.41764397605,"standard_error":97876.4337434998}}