{"mean":{"confidence_interval":{"confidence_level":0.95,"lower_bound":33111693.353000004,"upper_bound":33257134.9805},"point_estimate":33179992.18,"standard_error":37233.62058530321},"median":{"confidence_interval":{"confidence_level":0.95,"lower_bound":33070506.700000003,"upper_bound":33225799.700000003},"point_estimate":33138886.200000003,"standard_error":51355.16446375763},"median_abs_dev":{"confidence_interval":{"confidence_level":0.95,"lower_bound":59365.82336604761,"upper_bound":241563.275431399},"point_estimate":137190.6094443809,"standard_error":45564.371194089894},"slope":null,"std_dev":{"confidence_interval":{"confidence_level":0.95,"lower_bound":100283.45143814334,"upper_bound":223725.53128568525},"point_estimate":170497.28897951418,"standard_error":32332.109059042028}}