{"mean":{"confidence_interval":{"confidence_level":0.95,"lower_bound":29264675.841875,"upper_bound":29639258.131875},"point_estimate":29402850.883333337,"standard_error":106942.94024054843},"median":{"confidence_interval":{"confidence_level":0.95,"lower_bound":29238890.333333332,"upper_bound":29322013.916666668},"point_estimate":29307198.416666664,"standard_error":29933.217874212143},"median_abs_dev":{"confidence_interval":{"confidence_level":0.95,"lower_bound":41018.59927177337,"upper_bound":137236.74301356537},"point_estimate":106667.13770627975,"standard_error":24598.948601346387},"slope":null,"std_dev":{"confidence_interval":{"confidence_level":0.95,"lower_bound":61308.7003223715,"upper_bound":799584.6924451505},"point_estimate":490222.35208291473,"standard_error":252363.88928558343}}