{"mean":{"confidence_interval":{"confidence_level":0.95,"lower_bound":30755860.391749997,"upper_bound":30897322.947750006},"point_estimate":30823402.689999998,"standard_error":35992.560613176094},"median":{"confidence_interval":{"confidence_level":0.95,"lower_bound":30755756.8,"upper_bound":30848736.2},"point_estimate":30812114.2,"standard_error":25779.07629138853},"median_abs_dev":{"confidence_interval":{"confidence_level":0.95,"lower_bound":44429.369931225425,"upper_bound":167701.63104920127},"point_estimate":107742.7639871808,"standard_error":32211.67947501217},"slope":null,"std_dev":{"confidence_interval":{"confidence_level":0.95,"lower_bound":82071.20442945293,"upper_bound":222641.20622628354},"point_estimate":164914.6827817083,"standard_error":35654.41764297436}}