{"mean":{"confidence_interval":{"confidence_level":0.95,"lower_bound":33438809.9995,"upper_bound":33549296.244249996},"point_estimate":33493721.6,"standard_error":28254.02103843485},"median":{"confidence_interval":{"confidence_level":0.95,"lower_bound":33399858.4,"upper_bound":33575861.599999994},"point_estimate":33513475.3,"standard_error":55706.869819020205},"median_abs_dev":{"confidence_interval":{"confidence_level":0.95,"lower_bound":75064.62970733421,"upper_bound":213853.0371433502},"point_estimate":187042.14399933704,"standard_error":34681.93000453161},"slope":null,"std_dev":{"confidence_interval":{"confidence_level":0.95,"lower_bound":101469.21228783973,"upper_bound":147057.27608298062},"point_estimate":129562.07198944435,"standard_error":11629.057589908194}}