{"mean":{"confidence_interval":{"confidence_level":0.95,"lower_bound":33246855.432749998,"upper_bound":33361071.2155},"point_estimate":33304172.0,"standard_error":29191.93115809484},"median":{"confidence_interval":{"confidence_level":0.95,"lower_bound":33254486.5,"upper_bound":33378170.6},"point_estimate":33303562.2,"standard_error":33338.29514399439},"median_abs_dev":{"confidence_interval":{"confidence_level":0.95,"lower_bound":59755.74715912508,"upper_bound":219603.0046212662},"point_estimate":128500.34969866386,"standard_error":42208.31346791495},"slope":null,"std_dev":{"confidence_interval":{"confidence_level":0.95,"lower_bound":93671.919122045,"upper_bound":163208.7992570364},"point_estimate":134177.2190033212,"standard_error":17785.98411328488}}