{"mean":{"confidence_interval":{"confidence_level":0.95,"lower_bound":30718348.122500002,"upper_bound":31062000.28725},"point_estimate":30852866.220000006,"standard_error":91468.1270036246},"median":{"confidence_interval":{"confidence_level":0.95,"lower_bound":30668070.5,"upper_bound":30801092.200000003},"point_estimate":30732159.7,"standard_error":38830.42103841285},"median_abs_dev":{"confidence_interval":{"confidence_level":0.95,"lower_bound":57629.254016876774,"upper_bound":231692.7178466287},"point_estimate":116615.68004965672,"standard_error":44597.652172919894},"slope":null,"std_dev":{"confidence_interval":{"confidence_level":0.95,"lower_bound":94470.80753766002,"upper_bound":663157.90845116},"point_estimate":417820.0618521396,"standard_error":180661.4032917658}}