{"mean":{"confidence_interval":{"confidence_level":0.95,"lower_bound":33172053.425499994,"upper_bound":33269569.023},"point_estimate":33222652.47,"standard_error":24947.764002156924},"median":{"confidence_interval":{"confidence_level":0.95,"lower_bound":33186001.8,"upper_bound":33288198.8},"point_estimate":33208560.0,"standard_error":25591.82438215952},"median_abs_dev":{"confidence_interval":{"confidence_level":0.95,"lower_bound":29175.78836202732,"upper_bound":170250.80973744337},"point_estimate":97809.0476435434,"standard_error":39634.91846390463},"slope":null,"std_dev":{"confidence_interval":{"confidence_level":0.95,"lower_bound":71564.66773302277,"upper_bound":152926.60534425633},"point_estimate":114801.64657281042,"standard_error":21903.984531643506}}