{"mean":{"confidence_interval":{"confidence_level":0.95,"lower_bound":34647138.382750005,"upper_bound":34751449.577},"point_estimate":34695267.470000006,"standard_error":26664.40154322936},"median":{"confidence_interval":{"confidence_level":0.95,"lower_bound":34629309.5,"upper_bound":34758561.7},"point_estimate":34670206.900000006,"standard_error":42722.934400184124},"median_abs_dev":{"confidence_interval":{"confidence_level":0.95,"lower_bound":41739.34053897968,"upper_bound":152178.95387827908},"point_estimate":122251.19080960861,"standard_error":28761.29726039505},"slope":null,"std_dev":{"confidence_interval":{"confidence_level":0.95,"lower_bound":71381.89011654568,"upper_bound":171238.3090392405},"point_estimate":121925.6980510973,"standard_error":28462.948294046106}}