{"mean":{"confidence_interval":{"confidence_level":0.95,"lower_bound":33644929.19525,"upper_bound":34010243.4755},"point_estimate":33799649.86,"standard_error":94967.67612113839},"median":{"confidence_interval":{"confidence_level":0.95,"lower_bound":33550936.6,"upper_bound":33873024.5},"point_estimate":33762585.2,"standard_error":85918.86571386189},"median_abs_dev":{"confidence_interval":{"confidence_level":0.95,"lower_bound":116367.04803407192,"upper_bound":410028.2935005382},"point_estimate":257847.41224229225,"standard_error":71360.54078426158},"slope":null,"std_dev":{"confidence_interval":{"confidence_level":0.95,"lower_bound":173459.07774022748,"upper_bound":669450.7732635213},"point_estimate":434459.388894813,"standard_error":154071.91739415302}}