{"mean":{"confidence_interval":{"confidence_level":0.95,"lower_bound":32003377.3925,"upper_bound":32384971.835500002},"point_estimate":32161247.479999997,"standard_error":100016.39992746661},"median":{"confidence_interval":{"confidence_level":0.95,"lower_bound":32031630.5,"upper_bound":32127342.8},"point_estimate":32075816.6,"standard_error":26798.319127912757},"median_abs_dev":{"confidence_interval":{"confidence_level":0.95,"lower_bound":40244.879765511665,"upper_bound":262729.6139556186},"point_estimate":118351.50809884071,"standard_error":60731.176139173964},"slope":null,"std_dev":{"confidence_interval":{"confidence_level":0.95,"lower_bound":120001.19049925478,"upper_bound":728604.2078963896},"point_estimate":457898.6215713474,"standard_error":184679.63686283195}}