{"mean":{"confidence_interval":{"confidence_level":0.95,"lower_bound":35261423.83324999,"upper_bound":35343424.49999999},"point_estimate":35302483.089999996,"standard_error":20963.61099627073},"median":{"confidence_interval":{"confidence_level":0.95,"lower_bound":35237004.3,"upper_bound":35364185.3},"point_estimate":35304124.5,"standard_error":28698.610493454864},"median_abs_dev":{"confidence_interval":{"confidence_level":0.95,"lower_bound":52860.61946153641,"upper_bound":159829.91104244743},"point_estimate":111089.43690776383,"standard_error":29021.237386647794},"slope":null,"std_dev":{"confidence_interval":{"confidence_level":0.95,"lower_bound":70368.35412416843,"upper_bound":115104.81135768039},"point_estimate":96181.12479611691,"standard_error":11407.318055455864}}