{"mean":{"confidence_interval":{"confidence_level":0.95,"lower_bound":29521898.203333333,"upper_bound":29841193.55270834},"point_estimate":29637113.374999993,"standard_error":93987.96022296546},"median":{"confidence_interval":{"confidence_level":0.95,"lower_bound":29499575.916666664,"upper_bound":29585851.333333336},"point_estimate":29531491.666666664,"standard_error":22912.93520874389},"median_abs_dev":{"confidence_interval":{"confidence_level":0.95,"lower_bound":23390.334235985236,"upper_bound":110763.43788355497},"point_estimate":62334.06264334365,"standard_error":24982.818381490863},"slope":null,"std_dev":{"confidence_interval":{"confidence_level":0.95,"lower_bound":50132.46146039022,"upper_bound":705229.6350377322},"point_estimate":430223.20012030244,"standard_error":231430.66047851587}}