{"mean":{"confidence_interval":{"confidence_level":0.95,"lower_bound":31714387.362999994,"upper_bound":31837718.736250002},"point_estimate":31771416.04,"standard_error":31528.463136374026},"median":{"confidence_interval":{"confidence_level":0.95,"lower_bound":31694528.1,"upper_bound":31794127.799999997},"point_estimate":31739877.3,"standard_error":24422.127035689493},"median_abs_dev":{"confidence_interval":{"confidence_level":0.95,"lower_bound":39692.907795312785,"upper_bound":195377.32105136084},"point_estimate":79541.04380786585,"standard_error":40916.41898428841},"slope":null,"std_dev":{"confidence_interval":{"confidence_level":0.95,"lower_bound":77263.99486730175,"upper_bound":202594.25889317138},"point_estimate":144372.40837054024,"standard_error":34561.397867096384}}