{"mean":{"confidence_interval":{"confidence_level":0.95,"lower_bound":31296012.090250008,"upper_bound":31777464.631250005},"point_estimate":31482522.4,"standard_error":131323.302680148},"median":{"confidence_interval":{"confidence_level":0.95,"lower_bound":31250943.7,"upper_bound":31437957.6},"point_estimate":31348791.299999997,"standard_error":46025.21926339803},"median_abs_dev":{"confidence_interval":{"confidence_level":0.95,"lower_bound":82206.61030054314,"upper_bound":306079.94762599136},"point_estimate":155663.06381642376,"standard_error":55846.35234501407},"slope":null,"std_dev":{"confidence_interval":{"confidence_level":0.95,"lower_bound":131684.90932223122,"upper_bound":969945.6525184249},"point_estimate":600866.2761679546,"standard_error":278266.5480175559}}