{"mean":{"confidence_interval":{"confidence_level":0.95,"lower_bound":30883526.607250005,"upper_bound":31020663.167500004},"point_estimate":30949826.919999998,"standard_error":35189.80371553298},"median":{"confidence_interval":{"confidence_level":0.95,"lower_bound":30846365.2,"upper_bound":31025589.3},"point_estimate":30911395.4,"standard_error":43673.839161871976},"median_abs_dev":{"confidence_interval":{"confidence_level":0.95,"lower_bound":62446.07307135893,"upper_bound":239890.16136109718},"point_estimate":125953.68772387173,"standard_error":47764.868445596054},"slope":null,"std_dev":{"confidence_interval":{"confidence_level":0.95,"lower_bound":105966.7214203468,"upper_bound":199330.64306376805},"point_estimate":161809.83809338656,"standard_error":23676.772231093535}}