{"mean":{"confidence_interval":{"confidence_level":0.95,"lower_bound":31494042.96675,"upper_bound":31614809.678000007},"point_estimate":31553076.28,"standard_error":30838.4910887382},"median":{"confidence_interval":{"confidence_level":0.95,"lower_bound":31470437.4,"upper_bound":31607476.799999997},"point_estimate":31543981.1,"standard_error":33451.265000056395},"median_abs_dev":{"confidence_interval":{"confidence_level":0.95,"lower_bound":61083.11891555786,"upper_bound":240641.24650776497},"point_estimate":129718.15731704124,"standard_error":43557.227317216566},"slope":null,"std_dev":{"confidence_interval":{"confidence_level":0.95,"lower_bound":96034.75966811393,"upper_bound":172013.6586327118},"point_estimate":141278.89649738005,"standard_error":19366.039915574864}}