{"mean":{"confidence_interval":{"confidence_level":0.95,"lower_bound":33183553.747999996,"upper_bound":33301316.619},"point_estimate":33244451.569999993,"standard_error":29993.228451446877},"median":{"confidence_interval":{"confidence_level":0.95,"lower_bound":33188102.0,"upper_bound":33331677.6},"point_estimate":33253382.9,"standard_error":40868.89607898243},"median_abs_dev":{"confidence_interval":{"confidence_level":0.95,"lower_bound":65029.948305489845,"upper_bound":211625.43068289536},"point_estimate":116668.01582872868,"standard_error":38467.15948428687},"slope":null,"std_dev":{"confidence_interval":{"confidence_level":0.95,"lower_bound":91717.21317389038,"upper_bound":169630.47460484007},"point_estimate":137702.26657849824,"standard_error":19862.393750703166}}