{"mean":{"confidence_interval":{"confidence_level":0.95,"lower_bound":31170611.5865,"upper_bound":31315040.612000003},"point_estimate":31244360.640000004,"standard_error":36979.95289830246},"median":{"confidence_interval":{"confidence_level":0.95,"lower_bound":31167509.6,"upper_bound":31344444.8},"point_estimate":31260660.2,"standard_error":44213.56649790678},"median_abs_dev":{"confidence_interval":{"confidence_level":0.95,"lower_bound":76540.85450112764,"upper_bound":279787.2231727844},"point_estimate":198401.08369767832,"standard_error":54048.412716465034},"slope":null,"std_dev":{"confidence_interval":{"confidence_level":0.95,"lower_bound":120627.24997965821,"upper_bound":202282.99484400803},"point_estimate":169829.37450599432,"standard_error":20854.49795715213}}