{"mean":{"confidence_interval":{"confidence_level":0.95,"lower_bound":33686160.85225,"upper_bound":33922966.303500004},"point_estimate":33782490.67,"standard_error":62487.38113105777},"median":{"confidence_interval":{"confidence_level":0.95,"lower_bound":33643806.2,"upper_bound":33795721.3},"point_estimate":33679740.0,"standard_error":43902.47441097533},"median_abs_dev":{"confidence_interval":{"confidence_level":0.95,"lower_bound":28672.297410969386,"upper_bound":188292.12403714214},"point_estimate":88732.4223446835,"standard_error":44971.68929352494},"slope":null,"std_dev":{"confidence_interval":{"confidence_level":0.95,"lower_bound":82304.10132038545,"upper_bound":447859.6856858071},"point_estimate":286382.1264543118,"standard_error":114529.22520077672}}