{"mean":{"confidence_interval":{"confidence_level":0.95,"lower_bound":34874968.74675,"upper_bound":34976316.037},"point_estimate":34921897.02,"standard_error":25950.858658577534},"median":{"confidence_interval":{"confidence_level":0.95,"lower_bound":34875914.3,"upper_bound":34947118.9},"point_estimate":34915398.3,"standard_error":17861.9061030192},"median_abs_dev":{"confidence_interval":{"confidence_level":0.95,"lower_bound":29853.48480999249,"upper_bound":127455.11671722046},"point_estimate":74900.5058902491,"standard_error":25888.243269810835},"slope":null,"std_dev":{"confidence_interval":{"confidence_level":0.95,"lower_bound":59353.19274210357,"upper_bound":163855.35599462918},"point_estimate":119379.8628540879,"standard_error":27614.610124017032}}