{"mean":{"confidence_interval":{"confidence_level":0.95,"lower_bound":32899006.821999997,"upper_bound":32996573.882000003},"point_estimate":32949181.27,"standard_error":24847.87471489661},"median":{"confidence_interval":{"confidence_level":0.95,"lower_bound":32911110.5,"upper_bound":33007453.3},"point_estimate":32979450.0,"standard_error":27955.57822074299},"median_abs_dev":{"confidence_interval":{"confidence_level":0.95,"lower_bound":35708.42036604881,"upper_bound":157945.6747359043},"point_estimate":81171.16247892269,"standard_error":31921.110831546597},"slope":null,"std_dev":{"confidence_interval":{"confidence_level":0.95,"lower_bound":72007.98070943147,"upper_bound":141946.19277521223},"point_estimate":113902.77686515311,"standard_error":17760.957174933737}}