{"mean":{"confidence_interval":{"confidence_level":0.95,"lower_bound":33859215.305750005,"upper_bound":34372173.46875001},"point_estimate":34067339.82,"standard_error":135167.19065188727},"median":{"confidence_interval":{"confidence_level":0.95,"lower_bound":33849636.0,"upper_bound":33942092.900000006},"point_estimate":33894576.900000006,"standard_error":27757.43851272403},"median_abs_dev":{"confidence_interval":{"confidence_level":0.95,"lower_bound":51600.40948390961,"upper_bound":191635.09045779926},"point_estimate":110457.99757897081,"standard_error":36017.39477175751},"slope":null,"std_dev":{"confidence_interval":{"confidence_level":0.95,"lower_bound":83062.96749462633,"upper_bound":938309.906110069},"point_estimate":619352.769986026,"standard_error":242434.48638829208}}