{"mean":{"confidence_interval":{"confidence_level":0.95,"lower_bound":29236513.74354167,"upper_bound":29298189.094166666},"point_estimate":29264061.075,"standard_error":15884.553843782114},"median":{"confidence_interval":{"confidence_level":0.95,"lower_bound":29225161.666666664,"upper_bound":29271194.5},"point_estimate":29250518.333333332,"standard_error":10109.409631260662},"median_abs_dev":{"confidence_interval":{"confidence_level":0.95,"lower_bound":15415.2096763244,"upper_bound":76411.10229343268},"point_estimate":50156.11000954921,"standard_error":14907.73331627057},"slope":null,"std_dev":{"confidence_interval":{"confidence_level":0.95,"lower_bound":33602.24346826548,"upper_bound":106590.07080162263},"point_estimate":72861.58370265705,"standard_error":20834.421740782098}}