{"mean":{"confidence_interval":{"confidence_level":0.95,"lower_bound":31722074.154250007,"upper_bound":31869234.093000002},"point_estimate":31790477.7,"standard_error":37672.61591705188},"median":{"confidence_interval":{"confidence_level":0.95,"lower_bound":31719956.9,"upper_bound":31804703.9},"point_estimate":31751855.2,"standard_error":24237.967554903247},"median_abs_dev":{"confidence_interval":{"confidence_level":0.95,"lower_bound":33411.57648682705,"upper_bound":241742.52176821453},"point_estimate":78353.4812289493,"standard_error":56361.94399169854},"slope":null,"std_dev":{"confidence_interval":{"confidence_level":0.95,"lower_bound":96170.02815468464,"upper_bound":231920.95064551075},"point_estimate":172727.579238882,"standard_error":35864.51889198586}}