{"mean":{"confidence_interval":{"confidence_level":0.95,"lower_bound":29380038.631666668,"upper_bound":29632095.888125006},"point_estimate":29479832.449999996,"standard_error":66861.85216149353},"median":{"confidence_interval":{"confidence_level":0.95,"lower_bound":29360456.166666664,"upper_bound":29428478.416666664},"point_estimate":29396379.0,"standard_error":18840.457352758967},"median_abs_dev":{"confidence_interval":{"confidence_level":0.95,"lower_bound":31719.238036869116,"upper_bound":99485.54698378216},"point_estimate":66319.29137259722,"standard_error":17655.24479977147},"slope":null,"std_dev":{"confidence_interval":{"confidence_level":0.95,"lower_bound":45437.6237038448,"upper_bound":478007.20714138483},"point_estimate":307188.1283333183,"standard_error":129636.01617521617}}