{"mean":{"confidence_interval":{"confidence_level":0.95,"lower_bound":33334561.630000003,"upper_bound":33449748.413749997},"point_estimate":33390643.190000005,"standard_error":29339.690538840783},"median":{"confidence_interval":{"confidence_level":0.95,"lower_bound":33316830.9,"upper_bound":33441423.700000003},"point_estimate":33417316.700000003,"standard_error":31628.6366235009},"median_abs_dev":{"confidence_interval":{"confidence_level":0.95,"lower_bound":43434.3377848842,"upper_bound":176724.4342625141},"point_estimate":90870.92454671528,"standard_error":34222.804751822296},"slope":null,"std_dev":{"confidence_interval":{"confidence_level":0.95,"lower_bound":78756.8932321757,"upper_bound":181077.77703662714},"point_estimate":134489.3115362891,"standard_error":26885.100861677267}}