{"mean":{"confidence_interval":{"confidence_level":0.95,"lower_bound":35046904.34375,"upper_bound":35221130.6375},"point_estimate":35127386.39,"standard_error":44656.12881989329},"median":{"confidence_interval":{"confidence_level":0.95,"lower_bound":34990091.1,"upper_bound":35169352.0},"point_estimate":35063476.099999994,"standard_error":51048.40078662519},"median_abs_dev":{"confidence_interval":{"confidence_level":0.95,"lower_bound":72925.08968532748,"upper_bound":254554.5577007521},"point_estimate":137915.45257150463,"standard_error":49913.36161770122},"slope":null,"std_dev":{"confidence_interval":{"confidence_level":0.95,"lower_bound":113182.39603965521,"upper_bound":278133.55915185355},"point_estimate":205205.09160848954,"standard_error":44565.00185737974}}