{"mean":{"confidence_interval":{"confidence_level":0.95,"lower_bound":30523297.145500004,"upper_bound":30688848.843749996},"point_estimate":30602033.080000002,"standard_error":42396.28502307425},"median":{"confidence_interval":{"confidence_level":0.95,"lower_bound":30489975.9,"upper_bound":30635015.8},"point_estimate":30539832.1,"standard_error":36474.00826063843},"median_abs_dev":{"confidence_interval":{"confidence_level":0.95,"lower_bound":45341.317175031814,"upper_bound":282201.3407099236},"point_estimate":123373.81550967693,"standard_error":57496.57571145811},"slope":null,"std_dev":{"confidence_interval":{"confidence_level":0.95,"lower_bound":121019.92506790393,"upper_bound":237885.5873743831},"point_estimate":194002.60144888892,"standard_error":29658.66661003676}}