{"mean":{"confidence_interval":{"confidence_level":0.95,"lower_bound":33882367.468,"upper_bound":34590302.263},"point_estimate":34186576.61,"standard_error":183625.3853509705},"median":{"confidence_interval":{"confidence_level":0.95,"lower_bound":33803710.8,"upper_bound":34075455.5},"point_estimate":33889942.6,"standard_error":71212.20414782908},"median_abs_dev":{"confidence_interval":{"confidence_level":0.95,"lower_bound":90150.08443951386,"upper_bound":402375.11243640934},"point_estimate":259847.88438677788,"standard_error":76937.09305191875},"slope":null,"std_dev":{"confidence_interval":{"confidence_level":0.95,"lower_bound":156747.6721729014,"upper_bound":1229834.6449471023},"point_estimate":841084.2021651419,"standard_error":277366.9949600145}}