{"mean":{"confidence_interval":{"confidence_level":0.95,"lower_bound":31171936.068249997,"upper_bound":32504761.831499998},"point_estimate":31771050.43,"standard_error":342841.91445552843},"median":{"confidence_interval":{"confidence_level":0.95,"lower_bound":31003587.6,"upper_bound":31178616.3},"point_estimate":31035856.4,"standard_error":99909.95354173155},"median_abs_dev":{"confidence_interval":{"confidence_level":0.95,"lower_bound":40334.42880391964,"upper_bound":339469.8781532033},"point_estimate":160174.7637963273,"standard_error":141637.1289896847},"slope":null,"std_dev":{"confidence_interval":{"confidence_level":0.95,"lower_bound":566457.4435414753,"upper_bound":2090745.2948007286},"point_estimate":1570333.4591121657,"standard_error":382983.0448919999}}