{"mean":{"confidence_interval":{"confidence_level":0.95,"lower_bound":32943184.9245,"upper_bound":33324671.900750004},"point_estimate":33091905.1,"standard_error":103573.5939931237},"median":{"confidence_interval":{"confidence_level":0.95,"lower_bound":32934085.299999997,"upper_bound":33012412.5},"point_estimate":32985309.0,"standard_error":25652.49215780043},"median_abs_dev":{"confidence_interval":{"confidence_level":0.95,"lower_bound":40400.84928274155,"upper_bound":191140.34684658106},"point_estimate":82286.8189591186,"standard_error":40080.04464613049},"slope":null,"std_dev":{"confidence_interval":{"confidence_level":0.95,"lower_bound":84503.00982546706,"upper_bound":761209.6308410394},"point_estimate":475397.6279699499,"standard_error":216833.7430471156}}