{"mean":{"confidence_interval":{"confidence_level":0.95,"lower_bound":6720937.93008236,"upper_bound":6745364.284024676},"point_estimate":6731358.014743534,"standard_error":6316.973995704122},"median":{"confidence_interval":{"confidence_level":0.95,"lower_bound":6712909.761904761,"upper_bound":6740058.605654762},"point_estimate":6728430.733333333,"standard_error":7274.726722217217},"median_abs_dev":{"confidence_interval":{"confidence_level":0.95,"lower_bound":7358.156024366571,"upper_bound":25862.579840847324},"point_estimate":22888.90046206208,"standard_error":5089.0060924922045},"slope":{"confidence_interval":{"confidence_level":0.95,"lower_bound":6727090.360023599,"upper_bound":6738978.265560171},"point_estimate":6733935.113472706,"standard_error":3032.655547116017},"std_dev":{"confidence_interval":{"confidence_level":0.95,"lower_bound":12538.516082560116,"upper_bound":44516.1820499698},"point_estimate":28991.579132081835,"standard_error":10044.472892028272}}