{"mean":{"confidence_interval":{"confidence_level":0.95,"lower_bound":32716260.755000003,"upper_bound":33401051.07275},"point_estimate":33027776.179999996,"standard_error":175741.83982129747},"median":{"confidence_interval":{"confidence_level":0.95,"lower_bound":32451382.3,"upper_bound":33343051.6},"point_estimate":32752755.5,"standard_error":243735.9348565233},"median_abs_dev":{"confidence_interval":{"confidence_level":0.95,"lower_bound":159831.09712242748,"upper_bound":1084669.9924832587},"point_estimate":612927.8820383538,"standard_error":231499.0390192101},"slope":null,"std_dev":{"confidence_interval":{"confidence_level":0.95,"lower_bound":415941.6922226892,"upper_bound":1115377.5643397754},"point_estimate":807285.046743799,"standard_error":190545.76867745456}}