{"mean":{"confidence_interval":{"confidence_level":0.95,"lower_bound":36161781.355,"upper_bound":36389614.945999995},"point_estimate":36251666.57,"standard_error":61346.46676824001},"median":{"confidence_interval":{"confidence_level":0.95,"lower_bound":36125443.8,"upper_bound":36260206.7},"point_estimate":36199722.0,"standard_error":38302.08211004432},"median_abs_dev":{"confidence_interval":{"confidence_level":0.95,"lower_bound":56951.85408890247,"upper_bound":170101.06714011013},"point_estimate":115374.29909169453,"standard_error":28740.297271162995},"slope":null,"std_dev":{"confidence_interval":{"confidence_level":0.95,"lower_bound":73902.20712450179,"upper_bound":451551.28207265073},"point_estimate":281337.6944354704,"standard_error":125214.89813789162}}