{"mean":{"confidence_interval":{"confidence_level":0.95,"lower_bound":33579127.82275001,"upper_bound":33842153.42575001},"point_estimate":33681551.31,"standard_error":71114.95053979299},"median":{"confidence_interval":{"confidence_level":0.95,"lower_bound":33566155.8,"upper_bound":33640479.9},"point_estimate":33619267.1,"standard_error":22534.00916932107},"median_abs_dev":{"confidence_interval":{"confidence_level":0.95,"lower_bound":36073.73299955548,"upper_bound":152598.97445082886},"point_estimate":78742.81198203674,"standard_error":29992.746516958312},"slope":null,"std_dev":{"confidence_interval":{"confidence_level":0.95,"lower_bound":64030.039699880355,"upper_bound":522297.3450724248},"point_estimate":326485.7347305852,"standard_error":146895.852941634}}