{"mean":{"confidence_interval":{"confidence_level":0.95,"lower_bound":32894276.645250004,"upper_bound":33011883.650999997},"point_estimate":32949079.810000002,"standard_error":29987.409105157392},"median":{"confidence_interval":{"confidence_level":0.95,"lower_bound":32879946.4,"upper_bound":32980182.299999997},"point_estimate":32949000.1,"standard_error":25724.659069966267},"median_abs_dev":{"confidence_interval":{"confidence_level":0.95,"lower_bound":40198.474386331654,"upper_bound":169427.22545206768},"point_estimate":102379.01380241083,"standard_error":33070.98579486322},"slope":null,"std_dev":{"confidence_interval":{"confidence_level":0.95,"lower_bound":75276.72511916938,"upper_bound":192303.57856336705},"point_estimate":137843.05606458063,"standard_error":32114.183204346064}}