{"mean":{"confidence_interval":{"confidence_level":0.95,"lower_bound":32747674.0575,"upper_bound":32916110.522749998},"point_estimate":32830384.46,"standard_error":43076.283215961615},"median":{"confidence_interval":{"confidence_level":0.95,"lower_bound":32681209.700000003,"upper_bound":33007517.4},"point_estimate":32798836.6,"standard_error":83355.01703037131},"median_abs_dev":{"confidence_interval":{"confidence_level":0.95,"lower_bound":94206.47796749847,"upper_bound":311011.66817843914},"point_estimate":271644.33933735115,"standard_error":59498.609601918346},"slope":null,"std_dev":{"confidence_interval":{"confidence_level":0.95,"lower_bound":150343.5057268835,"upper_bound":229577.6506748491},"point_estimate":197886.44734834114,"standard_error":20250.195147760336}}