{"mean":{"confidence_interval":{"confidence_level":0.95,"lower_bound":33325248.245500002,"upper_bound":33842556.878249995},"point_estimate":33550115.119999997,"standard_error":133040.57484396396},"median":{"confidence_interval":{"confidence_level":0.95,"lower_bound":33276928.9,"upper_bound":33440274.0},"point_estimate":33330497.6,"standard_error":38467.942119886335},"median_abs_dev":{"confidence_interval":{"confidence_level":0.95,"lower_bound":58181.37424707247,"upper_bound":247314.87376928274},"point_estimate":158602.76304423754,"standard_error":46435.62624870702},"slope":null,"std_dev":{"confidence_interval":{"confidence_level":0.95,"lower_bound":96055.38761934698,"upper_bound":878185.0009056403},"point_estimate":610641.6178129885,"standard_error":193386.45052070715}}