{"mean":{"confidence_interval":{"confidence_level":0.95,"lower_bound":32075234.48,"upper_bound":32233843.913000003},"point_estimate":32146569.660000004,"standard_error":40679.43682321496},"median":{"confidence_interval":{"confidence_level":0.95,"lower_bound":32064784.3,"upper_bound":32156051.4},"point_estimate":32095288.0,"standard_error":25477.109396650918},"median_abs_dev":{"confidence_interval":{"confidence_level":0.95,"lower_bound":38923.88318896128,"upper_bound":207988.01990747452},"point_estimate":101622.59129583836,"standard_error":40955.16833749071},"slope":null,"std_dev":{"confidence_interval":{"confidence_level":0.95,"lower_bound":88049.08847881049,"upper_bound":266162.83284515905},"point_estimate":186779.96724488513,"standard_error":49329.64690822107}}