{"mean":{"confidence_interval":{"confidence_level":0.95,"lower_bound":32814090.559499994,"upper_bound":32912848.072499998},"point_estimate":32863075.250000007,"standard_error":25168.282379892047},"median":{"confidence_interval":{"confidence_level":0.95,"lower_bound":32787050.9,"upper_bound":32958037.200000003},"point_estimate":32837763.8,"standard_error":50222.205733036695},"median_abs_dev":{"confidence_interval":{"confidence_level":0.95,"lower_bound":33728.55636120064,"upper_bound":182378.47752213423},"point_estimate":129901.25841379055,"standard_error":41225.39164858956},"slope":null,"std_dev":{"confidence_interval":{"confidence_level":0.95,"lower_bound":85258.32594508484,"upper_bound":138816.0231597715},"point_estimate":115381.93613211432,"standard_error":13756.183891228706}}