{"mean":{"confidence_interval":{"confidence_level":0.95,"lower_bound":29955137.620625004,"upper_bound":29993120.441666663},"point_estimate":29973746.21666667,"standard_error":9725.485139248356},"median":{"confidence_interval":{"confidence_level":0.95,"lower_bound":29947011.083333336,"upper_bound":30011046.75},"point_estimate":29956972.916666664,"standard_error":15742.55643539842},"median_abs_dev":{"confidence_interval":{"confidence_level":0.95,"lower_bound":15555.686023833208,"upper_bound":72853.48010659218},"point_estimate":36545.348051184854,"standard_error":15080.204057423314},"slope":null,"std_dev":{"confidence_interval":{"confidence_level":0.95,"lower_bound":31543.951835979846,"upper_bound":53885.9490904794},"point_estimate":44602.14055172286,"standard_error":5693.615287286998}}