{"mean":{"confidence_interval":{"confidence_level":0.95,"lower_bound":31153711.192500003,"upper_bound":31303855.176749997},"point_estimate":31226265.73,"standard_error":38403.87704974177},"median":{"confidence_interval":{"confidence_level":0.95,"lower_bound":31117613.2,"upper_bound":31307798.1},"point_estimate":31210739.8,"standard_error":50525.95159295559},"median_abs_dev":{"confidence_interval":{"confidence_level":0.95,"lower_bound":88960.74274063553,"upper_bound":253026.59016788227},"point_estimate":154044.36116516867,"standard_error":42408.51267173725},"slope":null,"std_dev":{"confidence_interval":{"confidence_level":0.95,"lower_bound":114394.06685367781,"upper_bound":226047.65035064833},"point_estimate":175654.7693775468,"standard_error":29420.790050492535}}