{"mean":{"confidence_interval":{"confidence_level":0.95,"lower_bound":13564.551206523789,"upper_bound":13962.224006662876},"point_estimate":13700.480509483412,"standard_error":125.20624764373729},"median":{"confidence_interval":{"confidence_level":0.95,"lower_bound":13558.883524537923,"upper_bound":13581.576851122858},"point_estimate":13569.312205226259,"standard_error":5.846907859503086},"median_abs_dev":{"confidence_interval":{"confidence_level":0.95,"lower_bound":10.456511143232433,"upper_bound":38.632236777564614},"point_estimate":23.16375342885768,"standard_error":7.105460407176249},"slope":{"confidence_interval":{"confidence_level":0.95,"lower_bound":13561.655342153543,"upper_bound":13595.573113950386},"point_estimate":13578.460547897748,"standard_error":8.694927418664909},"std_dev":{"confidence_interval":{"confidence_level":0.95,"lower_bound":15.760300105074654,"upper_bound":942.7202794878826},"point_estimate":574.5119119869753,"standard_error":336.62823022823284}}