{"mean":{"confidence_interval":{"confidence_level":0.95,"lower_bound":13658.080670000882,"upper_bound":13747.93786849988},"point_estimate":13694.855083081551,"standard_error":23.539107204301096},"median":{"confidence_interval":{"confidence_level":0.95,"lower_bound":13651.219627433402,"upper_bound":13670.775483699974},"point_estimate":13653.815374039226,"standard_error":6.415324956452082},"median_abs_dev":{"confidence_interval":{"confidence_level":0.95,"lower_bound":3.77866587276423,"upper_bound":47.51385646165512},"point_estimate":12.172976815153987,"standard_error":11.498687610398482},"slope":{"confidence_interval":{"confidence_level":0.95,"lower_bound":13648.981275351143,"upper_bound":13756.06197604582},"point_estimate":13686.301340396785,"standard_error":28.962761752920706},"std_dev":{"confidence_interval":{"confidence_level":0.95,"lower_bound":23.785679471726546,"upper_bound":165.4139914388678},"point_estimate":107.72591556099155,"standard_error":41.446358276992555}}