{"mean":{"confidence_interval":{"confidence_level":0.95,"lower_bound":13664.985822070856,"upper_bound":13686.900083924687},"point_estimate":13674.975553103339,"standard_error":5.617084324269736},"median":{"confidence_interval":{"confidence_level":0.95,"lower_bound":13663.66067064507,"upper_bound":13672.577966988727},"point_estimate":13669.763310450038,"standard_error":2.5847471409438385},"median_abs_dev":{"confidence_interval":{"confidence_level":0.95,"lower_bound":3.488443140966418,"upper_bound":25.35706730827574},"point_estimate":11.127056048831546,"standard_error":6.4325797175536055},"slope":{"confidence_interval":{"confidence_level":0.95,"lower_bound":13664.432574671617,"upper_bound":13675.676672263375},"point_estimate":13669.794140618425,"standard_error":2.838322924795389},"std_dev":{"confidence_interval":{"confidence_level":0.95,"lower_bound":11.506834290772762,"upper_bound":35.775690706657244},"point_estimate":25.707446332560966,"standard_error":6.384057303342419}}