{"mean":{"confidence_interval":{"confidence_level":0.95,"lower_bound":13860.77531609784,"upper_bound":13903.601073680893},"point_estimate":13879.744290660752,"standard_error":11.038955908503464},"median":{"confidence_interval":{"confidence_level":0.95,"lower_bound":13853.03750548968,"upper_bound":13877.21470685112},"point_estimate":13862.436008963863,"standard_error":5.253134176166234},"median_abs_dev":{"confidence_interval":{"confidence_level":0.95,"lower_bound":8.621234201356813,"upper_bound":32.565510377186676},"point_estimate":20.044058201459507,"standard_error":6.039122520848069},"slope":{"confidence_interval":{"confidence_level":0.95,"lower_bound":13852.772047020066,"upper_bound":13892.990379974133},"point_estimate":13867.482768451062,"standard_error":10.59632387986865},"std_dev":{"confidence_interval":{"confidence_level":0.95,"lower_bound":13.373884612534354,"upper_bound":69.40870268515921},"point_estimate":50.6379092793975,"standard_error":13.670251302059748}}