{"mean":{"confidence_interval":{"confidence_level":0.95,"lower_bound":13873.07917772304,"upper_bound":13897.919310476924},"point_estimate":13884.59766977737,"standard_error":6.364091652773657},"median":{"confidence_interval":{"confidence_level":0.95,"lower_bound":13873.38554801164,"upper_bound":13890.824696318876},"point_estimate":13879.71494205932,"standard_error":4.3456665564154235},"median_abs_dev":{"confidence_interval":{"confidence_level":0.95,"lower_bound":7.24992068296603,"upper_bound":30.74390703178097},"point_estimate":20.25327633960047,"standard_error":6.2760084145790165},"slope":{"confidence_interval":{"confidence_level":0.95,"lower_bound":13867.865856716351,"upper_bound":13891.927070064963},"point_estimate":13878.559600469081,"standard_error":6.092276431275925},"std_dev":{"confidence_interval":{"confidence_level":0.95,"lower_bound":14.040204908417325,"upper_bound":39.884615967776476},"point_estimate":29.288329499710194,"standard_error":6.804127662730043}}