{"mean":{"confidence_interval":{"confidence_level":0.95,"lower_bound":13744.520289921074,"upper_bound":13908.813455555039},"point_estimate":13811.51085045248,"standard_error":43.2725900878147},"median":{"confidence_interval":{"confidence_level":0.95,"lower_bound":13732.005288461538,"upper_bound":13753.763461538461},"point_estimate":13738.937900641027,"standard_error":6.520052652952352},"median_abs_dev":{"confidence_interval":{"confidence_level":0.95,"lower_bound":6.313057632002192,"upper_bound":34.8743153231661},"point_estimate":11.997331603173935,"standard_error":9.071821592117962},"slope":{"confidence_interval":{"confidence_level":0.95,"lower_bound":13739.546976238942,"upper_bound":14098.006385568828},"point_estimate":13892.318593205575,"standard_error":99.39402160683348},"std_dev":{"confidence_interval":{"confidence_level":0.95,"lower_bound":24.550805277140686,"upper_bound":302.79574252116925},"point_estimate":199.6115953632226,"standard_error":78.66655672897781}}