{"mean":{"confidence_interval":{"confidence_level":0.95,"lower_bound":13704.929796678238,"upper_bound":13886.747249399496},"point_estimate":13779.78040636831,"standard_error":47.9420331165953},"median":{"confidence_interval":{"confidence_level":0.95,"lower_bound":13695.834643484344,"upper_bound":13724.713150207841},"point_estimate":13704.567453527261,"standard_error":7.435810862316907},"median_abs_dev":{"confidence_interval":{"confidence_level":0.95,"lower_bound":8.103105932986644,"upper_bound":48.42827027862968},"point_estimate":20.05233846382205,"standard_error":9.935856369095312},"slope":{"confidence_interval":{"confidence_level":0.95,"lower_bound":13702.58347859935,"upper_bound":13966.054453812207},"point_estimate":13806.842784567525,"standard_error":70.25862143782088},"std_dev":{"confidence_interval":{"confidence_level":0.95,"lower_bound":21.604596686156974,"upper_bound":327.67731807823014},"point_estimate":219.62526713423506,"standard_error":83.03987096677324}}