{"mean":{"confidence_interval":{"confidence_level":0.95,"lower_bound":13490.864117295654,"upper_bound":13686.409875470097},"point_estimate":13559.038495894503,"standard_error":59.9131577553366},"median":{"confidence_interval":{"confidence_level":0.95,"lower_bound":13487.381826073233,"upper_bound":13508.304510882637},"point_estimate":13493.619694184492,"standard_error":4.792547853346867},"median_abs_dev":{"confidence_interval":{"confidence_level":0.95,"lower_bound":6.14891856740664,"upper_bound":30.59101431389068},"point_estimate":20.867329433823663,"standard_error":6.017037434504852},"slope":{"confidence_interval":{"confidence_level":0.95,"lower_bound":13488.211744588509,"upper_bound":13576.328504808149},"point_estimate":13515.65447979358,"standard_error":24.041180654256493},"std_dev":{"confidence_interval":{"confidence_level":0.95,"lower_bound":13.168996467823762,"upper_bound":449.8189621282001},"point_estimate":273.99289224338906,"standard_error":155.83501050350455}}