{"mean":{"confidence_interval":{"confidence_level":0.95,"lower_bound":13561.41831088167,"upper_bound":13606.465896355303},"point_estimate":13582.26173961964,"standard_error":11.564769193358554},"median":{"confidence_interval":{"confidence_level":0.95,"lower_bound":13552.667351708576,"upper_bound":13575.189656262246},"point_estimate":13565.681672548555,"standard_error":6.688734479904417},"median_abs_dev":{"confidence_interval":{"confidence_level":0.95,"lower_bound":10.722810354780792,"upper_bound":52.269115630522535},"point_estimate":24.77241895380304,"standard_error":11.349486673102083},"slope":{"confidence_interval":{"confidence_level":0.95,"lower_bound":13562.917148093436,"upper_bound":13584.854887020389},"point_estimate":13572.16296039197,"standard_error":5.567508657747674},"std_dev":{"confidence_interval":{"confidence_level":0.95,"lower_bound":26.492146512271088,"upper_bound":68.84292783988913},"point_estimate":53.11659818518873,"standard_error":10.763816076736731}}