{"mean":{"confidence_interval":{"confidence_level":0.95,"lower_bound":13332.460336597476,"upper_bound":13688.052152438137},"point_estimate":13475.458820281632,"standard_error":93.91686600142741},"median":{"confidence_interval":{"confidence_level":0.95,"lower_bound":13328.977178271965,"upper_bound":13349.054265402843},"point_estimate":13331.928007437811,"standard_error":5.935285877163507},"median_abs_dev":{"confidence_interval":{"confidence_level":0.95,"lower_bound":3.7479811756640653,"upper_bound":46.31862472891285},"point_estimate":13.20832623943846,"standard_error":12.513223369136318},"slope":{"confidence_interval":{"confidence_level":0.95,"lower_bound":13325.31903696326,"upper_bound":13547.631624491423},"point_estimate":13399.865664415343,"standard_error":59.04501120084565},"std_dev":{"confidence_interval":{"confidence_level":0.95,"lower_bound":21.220112282994634,"upper_bound":636.5635800784769},"point_estimate":430.2485806014471,"standard_error":166.74003526301985}}