{"mean":{"confidence_interval":{"confidence_level":0.95,"lower_bound":13886.50114612773,"upper_bound":13941.698175475774},"point_estimate":13913.81309509095,"standard_error":14.128170792573806},"median":{"confidence_interval":{"confidence_level":0.95,"lower_bound":13862.753344194822,"upper_bound":13975.676591350826},"point_estimate":13885.909135082604,"standard_error":36.31434977925337},"median_abs_dev":{"confidence_interval":{"confidence_level":0.95,"lower_bound":20.930432230452272,"upper_bound":103.18792339995889},"point_estimate":69.3473290409464,"standard_error":24.16262354237093},"slope":{"confidence_interval":{"confidence_level":0.95,"lower_bound":13868.282840977758,"upper_bound":13908.981729134333},"point_estimate":13884.606405528863,"standard_error":10.375545523529686},"std_dev":{"confidence_interval":{"confidence_level":0.95,"lower_bound":52.408976058470756,"upper_bound":71.8661933240533},"point_estimate":64.91418455595664,"standard_error":4.964926085114577}}