{"mean":{"confidence_interval":{"confidence_level":0.95,"lower_bound":13408.680878958181,"upper_bound":13481.234231054521},"point_estimate":13436.109066493034,"standard_error":20.11493625972567},"median":{"confidence_interval":{"confidence_level":0.95,"lower_bound":13401.453309839277,"upper_bound":13418.016918714555},"point_estimate":13410.167816358793,"standard_error":4.155044358372378},"median_abs_dev":{"confidence_interval":{"confidence_level":0.95,"lower_bound":6.185865365345336,"upper_bound":26.23208730837525},"point_estimate":13.940121054658803,"standard_error":5.003602392531134},"slope":{"confidence_interval":{"confidence_level":0.95,"lower_bound":13406.804719541891,"upper_bound":13432.50573445733},"point_estimate":13417.222543685739,"standard_error":6.640636149949884},"std_dev":{"confidence_interval":{"confidence_level":0.95,"lower_bound":11.189927921869193,"upper_bound":148.46368922017004},"point_estimate":92.15941871826428,"standard_error":44.45862873356522}}