{"mean":{"confidence_interval":{"confidence_level":0.95,"lower_bound":13381.794158686564,"upper_bound":13440.288966231961},"point_estimate":13404.911299957796,"standard_error":15.720797695185414},"median":{"confidence_interval":{"confidence_level":0.95,"lower_bound":13375.4556550352,"upper_bound":13396.5194507054},"point_estimate":13385.360205787478,"standard_error":5.065759195345419},"median_abs_dev":{"confidence_interval":{"confidence_level":0.95,"lower_bound":7.4445851019925176,"upper_bound":33.764967088123},"point_estimate":18.013487863661926,"standard_error":6.686623083195025},"slope":{"confidence_interval":{"confidence_level":0.95,"lower_bound":13383.445025506619,"upper_bound":13423.571064849843},"point_estimate":13402.53316343671,"standard_error":10.485508159771008},"std_dev":{"confidence_interval":{"confidence_level":0.95,"lower_bound":14.501255718687569,"upper_bound":114.40072133433803},"point_estimate":72.13107832066997,"standard_error":31.40210739473367}}