{"mean":{"confidence_interval":{"confidence_level":0.95,"lower_bound":13735.954265044078,"upper_bound":13916.910612511514},"point_estimate":13800.39185237836,"standard_error":54.08613740221309},"median":{"confidence_interval":{"confidence_level":0.95,"lower_bound":13730.490966130605,"upper_bound":13755.776985867447},"point_estimate":13742.708373944119,"standard_error":6.765047506037781},"median_abs_dev":{"confidence_interval":{"confidence_level":0.95,"lower_bound":12.40417894157356,"upper_bound":43.08889847069934},"point_estimate":22.65692613771993,"standard_error":7.58767858612715},"slope":{"confidence_interval":{"confidence_level":0.95,"lower_bound":13730.234956938413,"upper_bound":14156.323391106522},"point_estimate":13881.251193702414,"standard_error":126.04559752871187},"std_dev":{"confidence_interval":{"confidence_level":0.95,"lower_bound":17.25773051312668,"upper_bound":408.01217417692965},"point_estimate":248.76786671008546,"standard_error":137.2383021331868}}