{"mean":{"confidence_interval":{"confidence_level":0.95,"lower_bound":13993.112981212482,"upper_bound":14053.931225079275},"point_estimate":14021.7182598572,"standard_error":15.53773331306342},"median":{"confidence_interval":{"confidence_level":0.95,"lower_bound":13993.793940839696,"upper_bound":14034.98164035392},"point_estimate":14022.793052526355,"standard_error":13.741185687270885},"median_abs_dev":{"confidence_interval":{"confidence_level":0.95,"lower_bound":16.38145767280124,"upper_bound":89.86303381332812},"point_estimate":39.64957569875093,"standard_error":20.409955842725896},"slope":{"confidence_interval":{"confidence_level":0.95,"lower_bound":13971.580521106482,"upper_bound":14042.81366371399},"point_estimate":14002.341906269117,"standard_error":18.233847677509768},"std_dev":{"confidence_interval":{"confidence_level":0.95,"lower_bound":38.77540695019291,"upper_bound":93.59025284741531},"point_estimate":71.09762753409197,"standard_error":14.329575759454594}}