{"mean":{"confidence_interval":{"confidence_level":0.95,"lower_bound":24852855.326950014,"upper_bound":25103838.33170473},"point_estimate":24958370.10269378,"standard_error":65250.081914870905},"median":{"confidence_interval":{"confidence_level":0.95,"lower_bound":24817617.122222222,"upper_bound":24921586.29665072},"point_estimate":24870101.675,"standard_error":28761.187355795362},"median_abs_dev":{"confidence_interval":{"confidence_level":0.95,"lower_bound":21950.89718946398,"upper_bound":151065.88841804292},"point_estimate":80255.7100490011,"standard_error":30100.76698283426},"slope":{"confidence_interval":{"confidence_level":0.95,"lower_bound":24842388.93895277,"upper_bound":24959079.203539148},"point_estimate":24891209.285365853,"standard_error":30091.902785360435},"std_dev":{"confidence_interval":{"confidence_level":0.95,"lower_bound":62644.7005241363,"upper_bound":450994.3658039193},"point_estimate":300553.99940682045,"standard_error":107047.37226380283}}