{"mean":{"confidence_interval":{"confidence_level":0.95,"lower_bound":28826208.229374997,"upper_bound":29227547.822916664},"point_estimate":29002445.458333332,"standard_error":103600.92796628462},"median":{"confidence_interval":{"confidence_level":0.95,"lower_bound":28818475.833333336,"upper_bound":28938460.333333332},"point_estimate":28883708.25,"standard_error":28418.29741833828},"median_abs_dev":{"confidence_interval":{"confidence_level":0.95,"lower_bound":44472.43946045637,"upper_bound":323402.3739084592},"point_estimate":130802.1355777988,"standard_error":68365.0481674056},"slope":null,"std_dev":{"confidence_interval":{"confidence_level":0.95,"lower_bound":147643.46978332847,"upper_bound":669307.2548384009},"point_estimate":474499.49665536877,"standard_error":138046.10292687675}}