{"mean":{"confidence_interval":{"confidence_level":0.95,"lower_bound":26104662.577845328,"upper_bound":26343487.724932957},"point_estimate":26217602.312483683,"standard_error":60946.839238807144},"median":{"confidence_interval":{"confidence_level":0.95,"lower_bound":26075049.714285716,"upper_bound":26323878.136842106},"point_estimate":26174265.933333334,"standard_error":79603.21145799324},"median_abs_dev":{"confidence_interval":{"confidence_level":0.95,"lower_bound":98937.79336350273,"upper_bound":370507.6502858593},"point_estimate":223320.34400860645,"standard_error":67958.04375055786},"slope":{"confidence_interval":{"confidence_level":0.95,"lower_bound":26118700.798759446,"upper_bound":26325546.822713785},"point_estimate":26235789.380836237,"standard_error":52462.02819389779},"std_dev":{"confidence_interval":{"confidence_level":0.95,"lower_bound":165214.53709829526,"upper_bound":369372.65254976245},"point_estimate":279769.79494557396,"standard_error":53843.44857988613}}