{"mean":{"confidence_interval":{"confidence_level":0.95,"lower_bound":28983517.95666667,"upper_bound":29057801.685833327},"point_estimate":29017307.733333338,"standard_error":19021.080793370773},"median":{"confidence_interval":{"confidence_level":0.95,"lower_bound":28975904.166666664,"upper_bound":29047555.333333336},"point_estimate":29002083.833333336,"standard_error":15649.800866628142},"median_abs_dev":{"confidence_interval":{"confidence_level":0.95,"lower_bound":20678.933782875538,"upper_bound":101174.96965378338},"point_estimate":61322.311711312264,"standard_error":18256.262857584043},"slope":null,"std_dev":{"confidence_interval":{"confidence_level":0.95,"lower_bound":44190.53174893043,"upper_bound":125349.41706067846},"point_estimate":87219.17840738711,"standard_error":22735.208878974554}}