{"mean":{"confidence_interval":{"confidence_level":0.95,"lower_bound":24047125.924882054,"upper_bound":24136644.915276542},"point_estimate":24087833.893942263,"standard_error":23028.212967505926},"median":{"confidence_interval":{"confidence_level":0.95,"lower_bound":24026383.430555556,"upper_bound":24109899.529411763},"point_estimate":24064914.867132865,"standard_error":22987.505258881334},"median_abs_dev":{"confidence_interval":{"confidence_level":0.95,"lower_bound":30144.00882829734,"upper_bound":124337.2854868699},"point_estimate":66229.1058603846,"standard_error":22292.13753853052},"slope":{"confidence_interval":{"confidence_level":0.95,"lower_bound":24062841.055788983,"upper_bound":24160973.947635327},"point_estimate":24102293.824390244,"standard_error":25660.460559241765},"std_dev":{"confidence_interval":{"confidence_level":0.95,"lower_bound":52647.10127342029,"upper_bound":149873.60322940673},"point_estimate":105919.81520854756,"standard_error":26839.01952219929}}