{"mean":{"confidence_interval":{"confidence_level":0.95,"lower_bound":20308147.568911128,"upper_bound":20488969.965853643},"point_estimate":20392455.997257773,"standard_error":46281.94040961722},"median":{"confidence_interval":{"confidence_level":0.95,"lower_bound":20244252.93382353,"upper_bound":20465161.025},"point_estimate":20352238.53508772,"standard_error":49907.06423531193},"median_abs_dev":{"confidence_interval":{"confidence_level":0.95,"lower_bound":84303.13281437101,"upper_bound":293782.01558932586},"point_estimate":177940.8982746681,"standard_error":48020.045350949316},"slope":{"confidence_interval":{"confidence_level":0.95,"lower_bound":20274377.566347193,"upper_bound":20452966.342086926},"point_estimate":20343737.564111497,"standard_error":46359.89718886691},"std_dev":{"confidence_interval":{"confidence_level":0.95,"lower_bound":118608.8578261934,"upper_bound":281586.3871602198},"point_estimate":212454.8844852182,"standard_error":42488.00452441744}}