{"mean":{"confidence_interval":{"confidence_level":0.95,"lower_bound":26618293.212692756,"upper_bound":26749688.532988515},"point_estimate":26674029.77732128,"standard_error":34136.092217546226},"median":{"confidence_interval":{"confidence_level":0.95,"lower_bound":26600492.363247864,"upper_bound":26675279.03007519},"point_estimate":26629793.279411763,"standard_error":25054.977605688582},"median_abs_dev":{"confidence_interval":{"confidence_level":0.95,"lower_bound":17809.084564594716,"upper_bound":116939.44534606818},"point_estimate":58799.61189521736,"standard_error":27217.694005899197},"slope":{"confidence_interval":{"confidence_level":0.95,"lower_bound":26627111.461048096,"upper_bound":26685837.24145205},"point_estimate":26658334.30383275,"standard_error":14917.667673960392},"std_dev":{"confidence_interval":{"confidence_level":0.95,"lower_bound":55411.91684576348,"upper_bound":239935.72498937952},"point_estimate":156631.3589758268,"standard_error":55204.75885131498}}