{"mean":{"confidence_interval":{"confidence_level":0.95,"lower_bound":28991760.410416663,"upper_bound":29166455.551250007},"point_estimate":29074998.64166667,"standard_error":44588.15704395872},"median":{"confidence_interval":{"confidence_level":0.95,"lower_bound":29017847.166666664,"upper_bound":29143638.333333336},"point_estimate":29077190.333333336,"standard_error":30979.611388128265},"median_abs_dev":{"confidence_interval":{"confidence_level":0.95,"lower_bound":61114.00641500766,"upper_bound":230503.89505773783},"point_estimate":111256.89657479525,"standard_error":42994.066071586014},"slope":null,"std_dev":{"confidence_interval":{"confidence_level":0.95,"lower_bound":107749.58419641986,"upper_bound":283480.51548629854},"point_estimate":204242.89247620007,"standard_error":46754.78317108123}}