{"mean":{"confidence_interval":{"confidence_level":0.95,"lower_bound":24075893.321935657,"upper_bound":24178010.13812438},"point_estimate":24121616.16243597,"standard_error":26161.249950713023},"median":{"confidence_interval":{"confidence_level":0.95,"lower_bound":24059947.666666664,"upper_bound":24118101.9},"point_estimate":24078624.50840336,"standard_error":15919.905355338657},"median_abs_dev":{"confidence_interval":{"confidence_level":0.95,"lower_bound":19958.240217860563,"upper_bound":121287.59143004938},"point_estimate":55240.68011665118,"standard_error":24945.70927727112},"slope":{"confidence_interval":{"confidence_level":0.95,"lower_bound":24039849.391036414,"upper_bound":24092519.986867864},"point_estimate":24062820.206968643,"standard_error":13403.144347429334},"std_dev":{"confidence_interval":{"confidence_level":0.95,"lower_bound":55148.89621271346,"upper_bound":168737.73138025124},"point_estimate":120006.44465562954,"standard_error":31093.470677271544}}