{"mean":{"confidence_interval":{"confidence_level":0.95,"lower_bound":29089309.973541666,"upper_bound":29652164.18645833},"point_estimate":29339820.30833333,"standard_error":144621.5147469158},"median":{"confidence_interval":{"confidence_level":0.95,"lower_bound":29021637.583333332,"upper_bound":29178137.333333336},"point_estimate":29098788.416666664,"standard_error":57521.89802836757},"median_abs_dev":{"confidence_interval":{"confidence_level":0.95,"lower_bound":79471.92993909489,"upper_bound":357912.48284578783},"point_estimate":152921.29168510437,"standard_error":82950.49033708884},"slope":null,"std_dev":{"confidence_interval":{"confidence_level":0.95,"lower_bound":216613.1984611254,"upper_bound":911270.65780531},"point_estimate":662707.199007061,"standard_error":179061.616620363}}