{"mean":{"confidence_interval":{"confidence_level":0.95,"lower_bound":28694132.682071086,"upper_bound":28911869.672471195},"point_estimate":28779114.31106176,"standard_error":59052.47793641585},"median":{"confidence_interval":{"confidence_level":0.95,"lower_bound":28673338.833333336,"upper_bound":28782668.6},"point_estimate":28721084.364285715,"standard_error":35070.2516840062},"median_abs_dev":{"confidence_interval":{"confidence_level":0.95,"lower_bound":25912.73407995756,"upper_bound":148487.62588381473},"point_estimate":74989.7301686684,"standard_error":29497.97520554117},"slope":{"confidence_interval":{"confidence_level":0.95,"lower_bound":28648252.807845693,"upper_bound":29079523.1497462},"point_estimate":28808843.2087108,"standard_error":118280.54739812593},"std_dev":{"confidence_interval":{"confidence_level":0.95,"lower_bound":65431.01504560574,"upper_bound":436379.8602148431},"point_estimate":270775.2947782377,"standard_error":123485.1714338233}}