{"mean":{"confidence_interval":{"confidence_level":0.95,"lower_bound":28647336.80333334,"upper_bound":28755253.018541668},"point_estimate":28699263.80833333,"standard_error":27470.10051541342},"median":{"confidence_interval":{"confidence_level":0.95,"lower_bound":28614525.583333336,"upper_bound":28756927.166666664},"point_estimate":28676890.333333332,"standard_error":33074.26912933558},"median_abs_dev":{"confidence_interval":{"confidence_level":0.95,"lower_bound":46682.62537121773,"upper_bound":190231.04357272203},"point_estimate":96977.23492830715,"standard_error":40405.7400973135},"slope":null,"std_dev":{"confidence_interval":{"confidence_level":0.95,"lower_bound":82848.5067321531,"upper_bound":155647.6571503963},"point_estimate":125902.25894173761,"standard_error":18620.376839181517}}