{"mean":{"confidence_interval":{"confidence_level":0.95,"lower_bound":58662404.97416666,"upper_bound":59149459.34624999},"point_estimate":58874163.80000001,"standard_error":126318.868664981},"median":{"confidence_interval":{"confidence_level":0.95,"lower_bound":58615974.66666667,"upper_bound":58928676.16666667},"point_estimate":58728859.833333336,"standard_error":74865.86378634116},"median_abs_dev":{"confidence_interval":{"confidence_level":0.95,"lower_bound":139971.27511501682,"upper_bound":501958.4368884545},"point_estimate":308633.0836206693,"standard_error":93559.42611848576},"slope":null,"std_dev":{"confidence_interval":{"confidence_level":0.95,"lower_bound":225805.7612764691,"upper_bound":878616.6348805048},"point_estimate":582084.26485993,"standard_error":191212.42436693382}}