{"mean":{"confidence_interval":{"confidence_level":0.95,"lower_bound":57854691.752500005,"upper_bound":58195764.51708334},"point_estimate":58011605.38333334,"standard_error":87242.12761067996},"median":{"confidence_interval":{"confidence_level":0.95,"lower_bound":57739454.5,"upper_bound":58133319.16666667},"point_estimate":58017800.0,"standard_error":92132.5007477358},"median_abs_dev":{"confidence_interval":{"confidence_level":0.95,"lower_bound":130213.04918825626,"upper_bound":469814.9281591103},"point_estimate":394798.82889092155,"standard_error":92719.44439735361},"slope":null,"std_dev":{"confidence_interval":{"confidence_level":0.95,"lower_bound":219322.6937812482,"upper_bound":568411.3086072},"point_estimate":398724.3290574713,"standard_error":99277.33531211708}}