{"mean":{"confidence_interval":{"confidence_level":0.95,"lower_bound":11581053.10568662,"upper_bound":11628288.186553795},"point_estimate":11604185.10959835,"standard_error":12104.443539663042},"median":{"confidence_interval":{"confidence_level":0.95,"lower_bound":11577587.503759399,"upper_bound":11626963.766666666},"point_estimate":11600295.158333333,"standard_error":13171.035866378403},"median_abs_dev":{"confidence_interval":{"confidence_level":0.95,"lower_bound":24399.129838144552,"upper_bound":86758.41460973024},"point_estimate":44808.94950073175,"standard_error":16047.843262119039},"slope":{"confidence_interval":{"confidence_level":0.95,"lower_bound":11576017.560943581,"upper_bound":11623245.30933179},"point_estimate":11600876.739198606,"standard_error":12014.228224144008},"std_dev":{"confidence_interval":{"confidence_level":0.95,"lower_bound":36890.029269538536,"upper_bound":69808.1108334379},"point_estimate":55710.3440042296,"standard_error":8398.200519255592}}