{"mean":{"confidence_interval":{"confidence_level":0.95,"lower_bound":50621611.03000001,"upper_bound":50818282.626666665},"point_estimate":50715639.1,"standard_error":50193.867313065486},"median":{"confidence_interval":{"confidence_level":0.95,"lower_bound":50556922.333333336,"upper_bound":50847660.5},"point_estimate":50632300.5,"standard_error":68010.3991784721},"median_abs_dev":{"confidence_interval":{"confidence_level":0.95,"lower_bound":67775.32809675108,"upper_bound":347989.6883219517},"point_estimate":155857.82803296673,"standard_error":75164.60010117259},"slope":null,"std_dev":{"confidence_interval":{"confidence_level":0.95,"lower_bound":152453.10098722487,"upper_bound":282678.1696902841},"point_estimate":230798.0534096535,"standard_error":33434.779938471285}}