{"mean":{"confidence_interval":{"confidence_level":0.95,"lower_bound":54131152.024166666,"upper_bound":54378172.47583333},"point_estimate":54254157.4,"standard_error":62935.54185823653},"median":{"confidence_interval":{"confidence_level":0.95,"lower_bound":54099929.66666667,"upper_bound":54396918.83333333},"point_estimate":54296723.0,"standard_error":75511.99619592194},"median_abs_dev":{"confidence_interval":{"confidence_level":0.95,"lower_bound":115396.19215130438,"upper_bound":402014.89006281266},"point_estimate":246542.53802299683,"standard_error":76291.85677050364},"slope":null,"std_dev":{"confidence_interval":{"confidence_level":0.95,"lower_bound":185570.40324494016,"upper_bound":369318.6507478326},"point_estimate":288213.52423132985,"standard_error":47110.465346183446}}