{"mean":{"confidence_interval":{"confidence_level":0.95,"lower_bound":44571591.918437496,"upper_bound":44951517.6078125},"point_estimate":44742331.375,"standard_error":97676.16136617938},"median":{"confidence_interval":{"confidence_level":0.95,"lower_bound":44495355.625,"upper_bound":44738041.625},"point_estimate":44566808.125,"standard_error":66332.03940706901},"median_abs_dev":{"confidence_interval":{"confidence_level":0.95,"lower_bound":92614.49918076396,"upper_bound":391355.05802705884},"point_estimate":222995.63814103603,"standard_error":74176.61410263117},"slope":null,"std_dev":{"confidence_interval":{"confidence_level":0.95,"lower_bound":164589.51032662074,"upper_bound":604271.3737438422},"point_estimate":447925.3993747063,"standard_error":110402.73433832411}}