{"mean":{"confidence_interval":{"confidence_level":0.95,"lower_bound":52558230.114999995,"upper_bound":52767345.30708333},"point_estimate":52651113.26666666,"standard_error":53941.79789264357},"median":{"confidence_interval":{"confidence_level":0.95,"lower_bound":52538164.0,"upper_bound":52683612.16666667},"point_estimate":52605721.5,"standard_error":41949.918655394285},"median_abs_dev":{"confidence_interval":{"confidence_level":0.95,"lower_bound":61840.72750210762,"upper_bound":268743.9784288443},"point_estimate":132244.95245218277,"standard_error":49098.46055958263},"slope":null,"std_dev":{"confidence_interval":{"confidence_level":0.95,"lower_bound":109224.3152183726,"upper_bound":362002.24137494375},"point_estimate":247755.23310213286,"standard_error":70988.99345257012}}