{"mean":{"confidence_interval":{"confidence_level":0.95,"lower_bound":59042710.91666667,"upper_bound":59250684.20833333},"point_estimate":59150538.05,"standard_error":52980.1098193258},"median":{"confidence_interval":{"confidence_level":0.95,"lower_bound":59089666.0,"upper_bound":59259097.33333333},"point_estimate":59182704.66666667,"standard_error":42119.49709260033},"median_abs_dev":{"confidence_interval":{"confidence_level":0.95,"lower_bound":72226.09321772867,"upper_bound":300099.73237215367},"point_estimate":192187.4577879924,"standard_error":58551.26157451874},"slope":null,"std_dev":{"confidence_interval":{"confidence_level":0.95,"lower_bound":139898.91763729148,"upper_bound":318948.3895189728},"point_estimate":242431.80355291907,"standard_error":45900.70541407022}}