{"mean":{"confidence_interval":{"confidence_level":0.95,"lower_bound":58925732.0725,"upper_bound":59788280.32083333},"point_estimate":59311227.35,"standard_error":223158.71283942167},"median":{"confidence_interval":{"confidence_level":0.95,"lower_bound":58767275.83333333,"upper_bound":59083285.16666667},"point_estimate":58907986.666666664,"standard_error":95379.99372494385},"median_abs_dev":{"confidence_interval":{"confidence_level":0.95,"lower_bound":118307.27719962229,"upper_bound":557407.4288040362},"point_estimate":277474.5154738426,"standard_error":126707.07042412738},"slope":null,"std_dev":{"confidence_interval":{"confidence_level":0.95,"lower_bound":393044.68138215464,"upper_bound":1415493.5623451704},"point_estimate":1026806.4194370357,"standard_error":266503.4781596637}}