{"mean":{"confidence_interval":{"confidence_level":0.95,"lower_bound":53637760.360416666,"upper_bound":53826074.53583333},"point_estimate":53731317.05,"standard_error":48072.54225661005},"median":{"confidence_interval":{"confidence_level":0.95,"lower_bound":53621516.16666667,"upper_bound":53840729.5},"point_estimate":53698640.5,"standard_error":66282.88041079263},"median_abs_dev":{"confidence_interval":{"confidence_level":0.95,"lower_bound":59927.926436059264,"upper_bound":350827.1375715751},"point_estimate":184361.80092692192,"standard_error":71675.88258420784},"slope":null,"std_dev":{"confidence_interval":{"confidence_level":0.95,"lower_bound":152059.65678709777,"upper_bound":270129.38521531975},"point_estimate":220438.30781473898,"standard_error":30191.710048306006}}