{"mean":{"confidence_interval":{"confidence_level":0.95,"lower_bound":51501052.69166666,"upper_bound":51602963.03041666},"point_estimate":51552961.016666666,"standard_error":26015.587462055166},"median":{"confidence_interval":{"confidence_level":0.95,"lower_bound":51488074.166666664,"upper_bound":51640303.66666667},"point_estimate":51572489.66666667,"standard_error":39223.98869954261},"median_abs_dev":{"confidence_interval":{"confidence_level":0.95,"lower_bound":43983.799219122266,"upper_bound":192359.68648493107},"point_estimate":123510.46180725282,"standard_error":36493.97962241871},"slope":null,"std_dev":{"confidence_interval":{"confidence_level":0.95,"lower_bound":83397.0533098927,"upper_bound":143382.3226847467},"point_estimate":119502.732147263,"standard_error":15244.278847748146}}