{"mean":{"confidence_interval":{"confidence_level":0.95,"lower_bound":57474247.02124998,"upper_bound":57668141.48166667},"point_estimate":57570771.98333333,"standard_error":49415.586277522474},"median":{"confidence_interval":{"confidence_level":0.95,"lower_bound":57462423.83333333,"upper_bound":57703913.0},"point_estimate":57573258.666666664,"standard_error":57985.652001372706},"median_abs_dev":{"confidence_interval":{"confidence_level":0.95,"lower_bound":108302.93967724215,"upper_bound":352018.90085041523},"point_estimate":201453.21342349422,"standard_error":61271.83129823729},"slope":null,"std_dev":{"confidence_interval":{"confidence_level":0.95,"lower_bound":152755.8417270564,"upper_bound":281218.38727110135},"point_estimate":226422.90954670726,"standard_error":32789.60386355803}}