{"mean":{"confidence_interval":{"confidence_level":0.95,"lower_bound":58053914.26375001,"upper_bound":58182083.54208333},"point_estimate":58116085.766666666,"standard_error":32836.23734831598},"median":{"confidence_interval":{"confidence_level":0.95,"lower_bound":57985902.166666664,"upper_bound":58202766.666666664},"point_estimate":58092829.83333333,"standard_error":59342.75139288357},"median_abs_dev":{"confidence_interval":{"confidence_level":0.95,"lower_bound":51084.71179306139,"upper_bound":242892.62398779762},"point_estimate":173983.84821116924,"standard_error":50519.03859690088},"slope":null,"std_dev":{"confidence_interval":{"confidence_level":0.95,"lower_bound":109368.32604119042,"upper_bound":179348.0656615208},"point_estimate":150973.14622434805,"standard_error":17868.856588536873}}