{"mean":{"confidence_interval":{"confidence_level":0.95,"lower_bound":53304090.08375,"upper_bound":53457410.93749999},"point_estimate":53383079.11666667,"standard_error":39036.18245528952},"median":{"confidence_interval":{"confidence_level":0.95,"lower_bound":53321926.5,"upper_bound":53468670.33333333},"point_estimate":53434353.0,"standard_error":40129.561033167},"median_abs_dev":{"confidence_interval":{"confidence_level":0.95,"lower_bound":38514.73501622493,"upper_bound":284419.2608505451},"point_estimate":125935.50116419607,"standard_error":68517.99712045159},"slope":null,"std_dev":{"confidence_interval":{"confidence_level":0.95,"lower_bound":118530.29265620215,"upper_bound":220435.22599056858},"point_estimate":179243.19092838734,"standard_error":25911.451505634333}}