{"mean":{"confidence_interval":{"confidence_level":0.95,"lower_bound":9825103.315193292,"upper_bound":9854827.74553043},"point_estimate":9837264.906366255,"standard_error":7821.998616936615},"median":{"confidence_interval":{"confidence_level":0.95,"lower_bound":9822159.928125,"upper_bound":9836535.017045453},"point_estimate":9829787.761904761,"standard_error":3779.581296238243},"median_abs_dev":{"confidence_interval":{"confidence_level":0.95,"lower_bound":6578.899713201104,"upper_bound":26266.271369095906},"point_estimate":15462.093760828768,"standard_error":4978.58990545495},"slope":{"confidence_interval":{"confidence_level":0.95,"lower_bound":9822456.178625096,"upper_bound":9844441.53836007},"point_estimate":9833291.69303136,"standard_error":5716.071022346931},"std_dev":{"confidence_interval":{"confidence_level":0.95,"lower_bound":11154.026322610755,"upper_bound":56306.437418083515},"point_estimate":35851.831363626094,"standard_error":14209.785729368356}}