{"mean":{"confidence_interval":{"confidence_level":0.95,"lower_bound":52739829.22958333,"upper_bound":53067133.9025},"point_estimate":52892221.25,"standard_error":83829.70823025827},"median":{"confidence_interval":{"confidence_level":0.95,"lower_bound":52650679.66666667,"upper_bound":52925783.833333336},"point_estimate":52746742.33333333,"standard_error":70851.79010712607},"median_abs_dev":{"confidence_interval":{"confidence_level":0.95,"lower_bound":108134.91168022156,"upper_bound":463210.7854163693},"point_estimate":233331.0896575359,"standard_error":94267.97063096646},"slope":null,"std_dev":{"confidence_interval":{"confidence_level":0.95,"lower_bound":209572.9883291944,"upper_bound":478525.50801814295},"point_estimate":384990.9194418141,"standard_error":67505.19780276177}}