{"mean":{"confidence_interval":{"confidence_level":0.95,"lower_bound":51102483.286249995,"upper_bound":51704183.24208333},"point_estimate":51335446.483333334,"standard_error":163477.9180630896},"median":{"confidence_interval":{"confidence_level":0.95,"lower_bound":51041508.33333333,"upper_bound":51340185.83333333},"point_estimate":51236650.66666667,"standard_error":88872.9477394413},"median_abs_dev":{"confidence_interval":{"confidence_level":0.95,"lower_bound":128163.73772963691,"upper_bound":406333.45668614097},"point_estimate":270021.48540616035,"standard_error":68346.98093857299},"slope":null,"std_dev":{"confidence_interval":{"confidence_level":0.95,"lower_bound":179996.70690703756,"upper_bound":1210684.1921171104},"point_estimate":749105.0136048591,"standard_error":345385.570823618}}