{"mean":{"confidence_interval":{"confidence_level":0.95,"lower_bound":58608123.11625001,"upper_bound":58905705.557500005},"point_estimate":58757123.133333325,"standard_error":76143.67460709276},"median":{"confidence_interval":{"confidence_level":0.95,"lower_bound":58576220.333333336,"upper_bound":58999430.5},"point_estimate":58758061.5,"standard_error":100982.27084678797},"median_abs_dev":{"confidence_interval":{"confidence_level":0.95,"lower_bound":174875.38499533947,"upper_bound":528521.1922168805},"point_estimate":369860.2618336659,"standard_error":90252.47571197184},"slope":null,"std_dev":{"confidence_interval":{"confidence_level":0.95,"lower_bound":237386.90491397222,"upper_bound":434115.7624139735},"point_estimate":348873.3527324613,"standard_error":50331.897916421534}}