{"mean":{"confidence_interval":{"confidence_level":0.95,"lower_bound":56018513.02583334,"upper_bound":57313595.488749996},"point_estimate":56496271.91666667,"standard_error":373608.10148311686},"median":{"confidence_interval":{"confidence_level":0.95,"lower_bound":55980520.16666667,"upper_bound":56334794.666666664},"point_estimate":56117025.5,"standard_error":111228.12461729893},"median_abs_dev":{"confidence_interval":{"confidence_level":0.95,"lower_bound":170797.74086773396,"upper_bound":536834.3773692884},"point_estimate":353954.4351160526,"standard_error":92680.03534603461},"slope":null,"std_dev":{"confidence_interval":{"confidence_level":0.95,"lower_bound":243543.3269370561,"upper_bound":2810466.5081588877},"point_estimate":1717208.026898664,"standard_error":896216.3572631637}}