{"mean":{"confidence_interval":{"confidence_level":0.95,"lower_bound":55012622.66083332,"upper_bound":55493633.73833333},"point_estimate":55252273.73333333,"standard_error":123161.45679090077},"median":{"confidence_interval":{"confidence_level":0.95,"lower_bound":54726476.5,"upper_bound":55665248.0},"point_estimate":55310998.83333333,"standard_error":231007.27870477756},"median_abs_dev":{"confidence_interval":{"confidence_level":0.95,"lower_bound":305697.7827727721,"upper_bound":903769.2223548889},"point_estimate":835260.5014711673,"standard_error":161402.95227473692},"slope":null,"std_dev":{"confidence_interval":{"confidence_level":0.95,"lower_bound":434059.1270779185,"upper_bound":652947.6094350169},"point_estimate":563931.8394329172,"standard_error":55823.61858361268}}