{"mean":{"confidence_interval":{"confidence_level":0.95,"lower_bound":51728777.88583333,"upper_bound":52001906.72583334},"point_estimate":51850808.06666668,"standard_error":70238.51757817193},"median":{"confidence_interval":{"confidence_level":0.95,"lower_bound":51729932.833333336,"upper_bound":51846451.0},"point_estimate":51782320.16666667,"standard_error":28925.606415479015},"median_abs_dev":{"confidence_interval":{"confidence_level":0.95,"lower_bound":54520.88433205345,"upper_bound":268884.08412635693},"point_estimate":122173.15663099474,"standard_error":56594.02714803331},"slope":null,"std_dev":{"confidence_interval":{"confidence_level":0.95,"lower_bound":117513.80259350408,"upper_bound":447328.27494810685},"point_estimate":320936.6421166435,"standard_error":86875.47638243555}}