{"mean":{"confidence_interval":{"confidence_level":0.95,"lower_bound":11697046.63056596,"upper_bound":11766345.641577026},"point_estimate":11727613.147963556,"standard_error":17831.54065287825},"median":{"confidence_interval":{"confidence_level":0.95,"lower_bound":11683620.730769232,"upper_bound":11743618.280075189},"point_estimate":11695811.380208332,"standard_error":18694.169071767905},"median_abs_dev":{"confidence_interval":{"confidence_level":0.95,"lower_bound":15524.806882174122,"upper_bound":90004.4554687693},"point_estimate":56850.42886712232,"standard_error":19444.790341953572},"slope":{"confidence_interval":{"confidence_level":0.95,"lower_bound":11682280.40664555,"upper_bound":11733762.461621026},"point_estimate":11706188.511149826,"standard_error":13247.065553934724},"std_dev":{"confidence_interval":{"confidence_level":0.95,"lower_bound":37756.47305233637,"upper_bound":120215.5129778708},"point_estimate":82081.89894811659,"standard_error":23994.751783122192}}