{"mean":{"confidence_interval":{"confidence_level":0.95,"lower_bound":55955184.56291665,"upper_bound":56104428.78208333},"point_estimate":56032367.96666666,"standard_error":38063.50614846908},"median":{"confidence_interval":{"confidence_level":0.95,"lower_bound":55973570.33333333,"upper_bound":56144883.333333336},"point_estimate":56032941.0,"standard_error":46968.213610397375},"median_abs_dev":{"confidence_interval":{"confidence_level":0.95,"lower_bound":87315.25444985357,"upper_bound":272022.99537062645},"point_estimate":187064.82777893543,"standard_error":46569.74515010639},"slope":null,"std_dev":{"confidence_interval":{"confidence_level":0.95,"lower_bound":116400.32491958248,"upper_bound":213874.48874844084},"point_estimate":174348.60802047496,"standard_error":24851.229726519818}}