{"mean":{"confidence_interval":{"confidence_level":0.95,"lower_bound":59607028.99875001,"upper_bound":60135433.215416655},"point_estimate":59810661.90000001,"standard_error":145469.04162534195},"median":{"confidence_interval":{"confidence_level":0.95,"lower_bound":59562421.333333336,"upper_bound":59755856.0},"point_estimate":59691825.5,"standard_error":48513.159221895934},"median_abs_dev":{"confidence_interval":{"confidence_level":0.95,"lower_bound":67905.54979443182,"upper_bound":294054.92517947964},"point_estimate":191854.61409389603,"standard_error":59716.25764743145},"slope":null,"std_dev":{"confidence_interval":{"confidence_level":0.95,"lower_bound":134344.87732213907,"upper_bound":1082521.6079148462},"point_estimate":668199.5401543463,"standard_error":316340.16498857434}}