{"mean":{"confidence_interval":{"confidence_level":0.95,"lower_bound":58405458.95666668,"upper_bound":59312342.27625},"point_estimate":58754858.133333325,"standard_error":247891.60351148568},"median":{"confidence_interval":{"confidence_level":0.95,"lower_bound":58316370.83333333,"upper_bound":58613583.0},"point_estimate":58463657.33333333,"standard_error":80654.86956315055},"median_abs_dev":{"confidence_interval":{"confidence_level":0.95,"lower_bound":136484.69417691414,"upper_bound":409570.9608286545},"point_estimate":275759.3944042829,"standard_error":71978.9961860354},"slope":null,"std_dev":{"confidence_interval":{"confidence_level":0.95,"lower_bound":179119.34957805023,"upper_bound":1823530.1523893713},"point_estimate":1138486.228453952,"standard_error":529502.3652679963}}