{"mean":{"confidence_interval":{"confidence_level":0.95,"lower_bound":58350238.57083333,"upper_bound":58611124.94041666},"point_estimate":58481299.26666667,"standard_error":66528.8883230905},"median":{"confidence_interval":{"confidence_level":0.95,"lower_bound":58283130.166666664,"upper_bound":58687196.833333336},"point_estimate":58538619.0,"standard_error":106754.17071108997},"median_abs_dev":{"confidence_interval":{"confidence_level":0.95,"lower_bound":185768.2941019535,"upper_bound":478732.5199008062},"point_estimate":357524.53585267067,"standard_error":75757.66846227681},"slope":null,"std_dev":{"confidence_interval":{"confidence_level":0.95,"lower_bound":224890.0463035751,"upper_bound":366734.9526388969},"point_estimate":306763.8854240754,"standard_error":36160.15258542875}}