{"mean":{"confidence_interval":{"confidence_level":0.95,"lower_bound":56875314.05916666,"upper_bound":57010412.13291665},"point_estimate":56942088.61666666,"standard_error":34520.207103469016},"median":{"confidence_interval":{"confidence_level":0.95,"lower_bound":56853695.5,"upper_bound":57030947.0},"point_estimate":56902242.166666664,"standard_error":51594.39225764171},"median_abs_dev":{"confidence_interval":{"confidence_level":0.95,"lower_bound":67091.8495088742,"upper_bound":238367.48176813862},"point_estimate":159939.4257605039,"standard_error":40101.251296739945},"slope":null,"std_dev":{"confidence_interval":{"confidence_level":0.95,"lower_bound":107165.28104040022,"upper_bound":199813.66570299596},"point_estimate":158740.67834794428,"standard_error":23792.89575897971}}