{"mean":{"confidence_interval":{"confidence_level":0.95,"lower_bound":54168936.90041666,"upper_bound":56022502.74},"point_estimate":54967444.68333332,"standard_error":480011.52983731695},"median":{"confidence_interval":{"confidence_level":0.95,"lower_bound":53931759.666666664,"upper_bound":54508287.16666667},"point_estimate":54186721.0,"standard_error":160611.34730661855},"median_abs_dev":{"confidence_interval":{"confidence_level":0.95,"lower_bound":147569.59998011406,"upper_bound":1373575.749114152},"point_estimate":664265.5748069286,"standard_error":301050.09134149464},"slope":null,"std_dev":{"confidence_interval":{"confidence_level":0.95,"lower_bound":637198.8961167957,"upper_bound":3202311.6797832465},"point_estimate":2194340.543795725,"standard_error":691027.1403526469}}