{"mean":{"confidence_interval":{"confidence_level":0.95,"lower_bound":54706402.511250004,"upper_bound":54835628.867083326},"point_estimate":54772458.18333332,"standard_error":33163.746538298954},"median":{"confidence_interval":{"confidence_level":0.95,"lower_bound":54705456.333333336,"upper_bound":54849884.0},"point_estimate":54796540.333333336,"standard_error":38286.159815802435},"median_abs_dev":{"confidence_interval":{"confidence_level":0.95,"lower_bound":64441.70205592373,"upper_bound":236949.621993307},"point_estimate":137576.38195753098,"standard_error":43580.53585705433},"slope":null,"std_dev":{"confidence_interval":{"confidence_level":0.95,"lower_bound":101405.6357120469,"upper_bound":189764.90261255892},"point_estimate":151652.79807760153,"standard_error":22717.164256688186}}