{"mean":{"confidence_interval":{"confidence_level":0.95,"lower_bound":59655876.83583335,"upper_bound":59976188.66249999},"point_estimate":59813523.85,"standard_error":82018.63120595591},"median":{"confidence_interval":{"confidence_level":0.95,"lower_bound":59563058.16666667,"upper_bound":60069707.33333333},"point_estimate":59783021.5,"standard_error":145139.4211314348},"median_abs_dev":{"confidence_interval":{"confidence_level":0.95,"lower_bound":222864.42804336548,"upper_bound":597167.5477981567},"point_estimate":503911.0210537892,"standard_error":93333.33740656819},"slope":null,"std_dev":{"confidence_interval":{"confidence_level":0.95,"lower_bound":279059.11997050926,"upper_bound":445300.69956594484},"point_estimate":375481.92570491333,"standard_error":42537.50466644372}}