{"mean":{"confidence_interval":{"confidence_level":0.95,"lower_bound":53697913.515,"upper_bound":54361338.127916664},"point_estimate":53976764.16666667,"standard_error":173106.98187518204},"median":{"confidence_interval":{"confidence_level":0.95,"lower_bound":53610155.666666664,"upper_bound":53958287.666666664},"point_estimate":53742307.16666667,"standard_error":93794.11612984542},"median_abs_dev":{"confidence_interval":{"confidence_level":0.95,"lower_bound":155807.1725338808,"upper_bound":623499.0175306778},"point_estimate":355383.90859067073,"standard_error":126548.85077861445},"slope":null,"std_dev":{"confidence_interval":{"confidence_level":0.95,"lower_bound":280082.75539587205,"upper_bound":1216847.3842582272},"point_estimate":791628.1920345556,"standard_error":285888.9172937109}}