{"mean":{"confidence_interval":{"confidence_level":0.95,"lower_bound":56274228.84041666,"upper_bound":56569991.44624999},"point_estimate":56420274.733333334,"standard_error":75733.6726927368},"median":{"confidence_interval":{"confidence_level":0.95,"lower_bound":56186363.0,"upper_bound":56623581.16666667},"point_estimate":56367695.33333333,"standard_error":108438.9294068682},"median_abs_dev":{"confidence_interval":{"confidence_level":0.95,"lower_bound":150464.37642872703,"upper_bound":532852.6080399714},"point_estimate":319883.79352092376,"standard_error":101551.72209264364},"slope":null,"std_dev":{"confidence_interval":{"confidence_level":0.95,"lower_bound":246630.63012090905,"upper_bound":416692.9062443108},"point_estimate":345288.21981976146,"standard_error":43465.433692380975}}