{"mean":{"confidence_interval":{"confidence_level":0.95,"lower_bound":57304568.32875,"upper_bound":57535742.95916666},"point_estimate":57415254.5,"standard_error":58986.517956364194},"median":{"confidence_interval":{"confidence_level":0.95,"lower_bound":57252325.0,"upper_bound":57502429.83333333},"point_estimate":57385830.66666667,"standard_error":67033.40167142125},"median_abs_dev":{"confidence_interval":{"confidence_level":0.95,"lower_bound":115378.64805162874,"upper_bound":403698.62943291664},"point_estimate":201282.46732652924,"standard_error":70114.83208009499},"slope":null,"std_dev":{"confidence_interval":{"confidence_level":0.95,"lower_bound":170149.71244141835,"upper_bound":347472.83428034215},"point_estimate":271368.37229386385,"standard_error":45763.09670252242}}