{"mean":{"confidence_interval":{"confidence_level":0.95,"lower_bound":53544522.93124999,"upper_bound":53782479.02541667},"point_estimate":53665820.53333333,"standard_error":60825.28974381415},"median":{"confidence_interval":{"confidence_level":0.95,"lower_bound":53599850.0,"upper_bound":53814881.83333333},"point_estimate":53694161.833333336,"standard_error":61798.66683641631},"median_abs_dev":{"confidence_interval":{"confidence_level":0.95,"lower_bound":106527.03200877817,"upper_bound":428731.3415884953},"point_estimate":186138.94409536762,"standard_error":83935.10642556229},"slope":null,"std_dev":{"confidence_interval":{"confidence_level":0.95,"lower_bound":183062.08801520985,"upper_bound":348374.10644620337},"point_estimate":279421.9185171521,"standard_error":42156.72996892348}}