{"mean":{"confidence_interval":{"confidence_level":0.95,"lower_bound":53002656.461666666,"upper_bound":53284610.03541667},"point_estimate":53146024.583333336,"standard_error":71764.55590851359},"median":{"confidence_interval":{"confidence_level":0.95,"lower_bound":52974288.5,"upper_bound":53360928.33333333},"point_estimate":53131908.0,"standard_error":85831.185734247},"median_abs_dev":{"confidence_interval":{"confidence_level":0.95,"lower_bound":147799.1558760423,"upper_bound":507594.2935883962},"point_estimate":337864.7660017032,"standard_error":93214.66074584663},"slope":null,"std_dev":{"confidence_interval":{"confidence_level":0.95,"lower_bound":224074.3405882105,"upper_bound":410399.3804477408},"point_estimate":329248.0598070576,"standard_error":48281.71677359886}}