{"mean":{"confidence_interval":{"confidence_level":0.95,"lower_bound":44017808.130625,"upper_bound":44273171.020624995},"point_estimate":44138382.8375,"standard_error":65274.00921910261},"median":{"confidence_interval":{"confidence_level":0.95,"lower_bound":43950900.625,"upper_bound":44283957.875},"point_estimate":44041723.0,"standard_error":80355.72344986766},"median_abs_dev":{"confidence_interval":{"confidence_level":0.95,"lower_bound":133336.33135780692,"upper_bound":417001.2576967478},"point_estimate":286490.0205887854,"standard_error":76533.16548655699},"slope":null,"std_dev":{"confidence_interval":{"confidence_level":0.95,"lower_bound":185706.3266634692,"upper_bound":389226.48864095716},"point_estimate":299879.2609089935,"standard_error":53777.811809062325}}