{"mean":{"confidence_interval":{"confidence_level":0.95,"lower_bound":11632629.93679566,"upper_bound":11669358.505512549},"point_estimate":11651337.775634643,"standard_error":9410.22862359203},"median":{"confidence_interval":{"confidence_level":0.95,"lower_bound":11626709.9981203,"upper_bound":11672673.895833334},"point_estimate":11657440.361111112,"standard_error":11761.619233152602},"median_abs_dev":{"confidence_interval":{"confidence_level":0.95,"lower_bound":18852.298544471618,"upper_bound":68843.71898090467},"point_estimate":45577.83124131018,"standard_error":13122.976832209604},"slope":{"confidence_interval":{"confidence_level":0.95,"lower_bound":11622112.043657938,"upper_bound":11656050.414876163},"point_estimate":11637113.245818816,"standard_error":8674.67218070998},"std_dev":{"confidence_interval":{"confidence_level":0.95,"lower_bound":29819.52440537255,"upper_bound":53336.957039890585},"point_estimate":43281.60396356016,"standard_error":6020.544991527607}}