{"mean":{"confidence_interval":{"confidence_level":0.95,"lower_bound":53073817.1675,"upper_bound":53360064.876249984},"point_estimate":53218418.36666666,"standard_error":73240.14677360268},"median":{"confidence_interval":{"confidence_level":0.95,"lower_bound":53083803.0,"upper_bound":53368739.33333333},"point_estimate":53252128.83333333,"standard_error":93076.18784113704},"median_abs_dev":{"confidence_interval":{"confidence_level":0.95,"lower_bound":157542.0616030656,"upper_bound":588296.6579556538},"point_estimate":250319.2143559456,"standard_error":112088.44867306178},"slope":null,"std_dev":{"confidence_interval":{"confidence_level":0.95,"lower_bound":238295.03960555582,"upper_bound":401132.72965852474},"point_estimate":335363.61687925877,"standard_error":41451.27460544106}}