{"mean":{"confidence_interval":{"confidence_level":0.95,"lower_bound":60199837.12083332,"upper_bound":60930392.15416666},"point_estimate":60507081.81666666,"standard_error":190578.59269276858},"median":{"confidence_interval":{"confidence_level":0.95,"lower_bound":60100940.0,"upper_bound":60438436.66666667},"point_estimate":60208580.83333333,"standard_error":104726.92280128937},"median_abs_dev":{"confidence_interval":{"confidence_level":0.95,"lower_bound":137015.71206749405,"upper_bound":452550.7927656155},"point_estimate":308645.19152045617,"standard_error":76464.56769530232},"slope":null,"std_dev":{"confidence_interval":{"confidence_level":0.95,"lower_bound":193563.08605860657,"upper_bound":1293106.2090854037},"point_estimate":873554.8160809329,"standard_error":305403.2850931465}}