{"mean":{"confidence_interval":{"confidence_level":0.95,"lower_bound":11129504.331155242,"upper_bound":11232723.24255095},"point_estimate":11173601.196837854,"standard_error":26720.504207446156},"median":{"confidence_interval":{"confidence_level":0.95,"lower_bound":11112366.50625,"upper_bound":11176831.805555556},"point_estimate":11158244.11764706,"standard_error":15698.093489069059},"median_abs_dev":{"confidence_interval":{"confidence_level":0.95,"lower_bound":24989.432094088916,"upper_bound":125270.38065247703},"point_estimate":68018.14544971714,"standard_error":26367.31519701197},"slope":{"confidence_interval":{"confidence_level":0.95,"lower_bound":11112808.527168527,"upper_bound":11185793.814071247},"point_estimate":11144771.478048781,"standard_error":18502.284997300416},"std_dev":{"confidence_interval":{"confidence_level":0.95,"lower_bound":48662.27226768488,"upper_bound":186611.40427615057},"point_estimate":122623.50214350774,"standard_error":41727.63334399309}}