{"mean":{"confidence_interval":{"confidence_level":0.95,"lower_bound":53593415.408333324,"upper_bound":54866794.23416666},"point_estimate":54126602.18333332,"standard_error":333679.70561002084},"median":{"confidence_interval":{"confidence_level":0.95,"lower_bound":53594736.0,"upper_bound":53800643.83333333},"point_estimate":53697834.33333333,"standard_error":59437.604387490515},"median_abs_dev":{"confidence_interval":{"confidence_level":0.95,"lower_bound":102943.83497237791,"upper_bound":554205.7541608773},"point_estimate":245722.41313755512,"standard_error":125534.81090137582},"slope":null,"std_dev":{"confidence_interval":{"confidence_level":0.95,"lower_bound":241076.18827955727,"upper_bound":2253910.8219132624},"point_estimate":1527680.2358638023,"standard_error":546738.6269533897}}