{"mean":{"confidence_interval":{"confidence_level":0.95,"lower_bound":59607015.31541668,"upper_bound":59812306.91375001},"point_estimate":59709437.56666665,"standard_error":52323.230726075824},"median":{"confidence_interval":{"confidence_level":0.95,"lower_bound":59548496.666666664,"upper_bound":59854183.16666667},"point_estimate":59766716.5,"standard_error":88054.95406809197},"median_abs_dev":{"confidence_interval":{"confidence_level":0.95,"lower_bound":114173.29427302805,"upper_bound":411006.36470316735},"point_estimate":323532.7191561497,"standard_error":71869.45408671972},"slope":null,"std_dev":{"confidence_interval":{"confidence_level":0.95,"lower_bound":182013.99780614258,"upper_bound":277118.90387496876},"point_estimate":239352.39809822224,"standard_error":24287.753722607882}}