{"mean":{"confidence_interval":{"confidence_level":0.95,"lower_bound":55610670.23125,"upper_bound":55757126.19041666},"point_estimate":55682656.266666666,"standard_error":37551.500791006016},"median":{"confidence_interval":{"confidence_level":0.95,"lower_bound":55555841.66666667,"upper_bound":55806708.5},"point_estimate":55637280.0,"standard_error":56424.53069099409},"median_abs_dev":{"confidence_interval":{"confidence_level":0.95,"lower_bound":82638.14573287596,"upper_bound":273045.4951524698},"point_estimate":209359.9190831166,"standard_error":47697.31333921318},"slope":null,"std_dev":{"confidence_interval":{"confidence_level":0.95,"lower_bound":125758.03041354571,"upper_bound":201637.0124133995},"point_estimate":171817.9535513677,"standard_error":19319.227661204848}}