{"mean":{"confidence_interval":{"confidence_level":0.95,"lower_bound":56987819.30875,"upper_bound":57251965.42166667},"point_estimate":57121666.266666666,"standard_error":67394.5591676657},"median":{"confidence_interval":{"confidence_level":0.95,"lower_bound":56941393.0,"upper_bound":57336302.5},"point_estimate":57091612.33333333,"standard_error":114825.93345750975},"median_abs_dev":{"confidence_interval":{"confidence_level":0.95,"lower_bound":98823.19544553572,"upper_bound":507846.82978391094},"point_estimate":291921.9580173511,"standard_error":95389.63249046079},"slope":null,"std_dev":{"confidence_interval":{"confidence_level":0.95,"lower_bound":202908.40370385748,"upper_bound":389642.1317588633},"point_estimate":309290.5276336685,"standard_error":47709.67769070105}}