{"mean":{"confidence_interval":{"confidence_level":0.95,"lower_bound":58634157.86208334,"upper_bound":58980247.61958334},"point_estimate":58813302.749999985,"standard_error":88592.978515295},"median":{"confidence_interval":{"confidence_level":0.95,"lower_bound":58662866.33333333,"upper_bound":59087702.166666664},"point_estimate":58929192.5,"standard_error":107641.07458509775},"median_abs_dev":{"confidence_interval":{"confidence_level":0.95,"lower_bound":46182.74208009059,"upper_bound":569474.0628898144},"point_estimate":262119.96884644032,"standard_error":131250.97282378975},"slope":null,"std_dev":{"confidence_interval":{"confidence_level":0.95,"lower_bound":258064.2671415993,"upper_bound":504855.0554704946},"point_estimate":406136.2424179152,"standard_error":62790.60712992532}}