{"mean":{"confidence_interval":{"confidence_level":0.95,"lower_bound":57363114.54833334,"upper_bound":57666309.79833332},"point_estimate":57515224.8,"standard_error":77409.24683793088},"median":{"confidence_interval":{"confidence_level":0.95,"lower_bound":57266437.333333336,"upper_bound":57760706.0},"point_estimate":57564695.66666667,"standard_error":141667.74198771812},"median_abs_dev":{"confidence_interval":{"confidence_level":0.95,"lower_bound":167884.92611944492,"upper_bound":570569.2100703679},"point_estimate":401530.57407140365,"standard_error":104189.8530100929},"slope":null,"std_dev":{"confidence_interval":{"confidence_level":0.95,"lower_bound":261633.75680353786,"upper_bound":426510.0103656304},"point_estimate":356318.36077936715,"standard_error":42282.088725622816}}