{"mean":{"confidence_interval":{"confidence_level":0.95,"lower_bound":57882944.78000001,"upper_bound":58045659.13666666},"point_estimate":57963362.15,"standard_error":41617.70646626957},"median":{"confidence_interval":{"confidence_level":0.95,"lower_bound":57900695.5,"upper_bound":58022022.0},"point_estimate":57954866.83333333,"standard_error":29430.413612870343},"median_abs_dev":{"confidence_interval":{"confidence_level":0.95,"lower_bound":41105.33137023633,"upper_bound":312925.45764446625},"point_estimate":141854.42418158054,"standard_error":67496.9617184358},"slope":null,"std_dev":{"confidence_interval":{"confidence_level":0.95,"lower_bound":126746.10362143935,"upper_bound":236920.25811854887},"point_estimate":191064.5461546756,"standard_error":28150.39102802842}}