{"mean":{"confidence_interval":{"confidence_level":0.95,"lower_bound":53280588.19333333,"upper_bound":53586062.65291667},"point_estimate":53420391.1,"standard_error":78288.94491198105},"median":{"confidence_interval":{"confidence_level":0.95,"lower_bound":53215038.33333333,"upper_bound":53486924.33333333},"point_estimate":53379405.16666667,"standard_error":79581.93934770892},"median_abs_dev":{"confidence_interval":{"confidence_level":0.95,"lower_bound":109491.490656143,"upper_bound":454185.11213660426},"point_estimate":243690.2627736422,"standard_error":89844.62460349579},"slope":null,"std_dev":{"confidence_interval":{"confidence_level":0.95,"lower_bound":188364.27265047413,"upper_bound":502902.61155436747},"point_estimate":359686.42507286445,"standard_error":86488.61903524867}}