{"mean":{"confidence_interval":{"confidence_level":0.95,"lower_bound":10109411.420381984,"upper_bound":10186150.729743244},"point_estimate":10140703.994186863,"standard_error":20120.341264163886},"median":{"confidence_interval":{"confidence_level":0.95,"lower_bound":10097581.525757575,"upper_bound":10136499.125},"point_estimate":10120073.166666666,"standard_error":10530.616074920248},"median_abs_dev":{"confidence_interval":{"confidence_level":0.95,"lower_bound":18704.21651793437,"upper_bound":65444.421483130456},"point_estimate":35058.74505758396,"standard_error":11386.07248291618},"slope":{"confidence_interval":{"confidence_level":0.95,"lower_bound":10091929.002578037,"upper_bound":10204398.04316676},"point_estimate":10135162.366376307,"standard_error":29750.544749313387},"std_dev":{"confidence_interval":{"confidence_level":0.95,"lower_bound":24608.09907820934,"upper_bound":143448.44148621694},"point_estimate":92116.62561245619,"standard_error":35949.687080441756}}