{"mean":{"confidence_interval":{"confidence_level":0.95,"lower_bound":58537733.04291667,"upper_bound":58728151.33833334},"point_estimate":58629409.616666675,"standard_error":48495.16899424107},"median":{"confidence_interval":{"confidence_level":0.95,"lower_bound":58500167.5,"upper_bound":58712742.83333333},"point_estimate":58586877.83333333,"standard_error":61097.70858884478},"median_abs_dev":{"confidence_interval":{"confidence_level":0.95,"lower_bound":86738.2759600841,"upper_bound":301193.8911527395},"point_estimate":186607.44568706112,"standard_error":55312.15775295835},"slope":null,"std_dev":{"confidence_interval":{"confidence_level":0.95,"lower_bound":136788.09134886236,"upper_bound":288072.57700197696},"point_estimate":222946.60047956536,"standard_error":39293.92211370758}}