{"mean":{"confidence_interval":{"confidence_level":0.95,"lower_bound":49986703.4378125,"upper_bound":50884768.113437496},"point_estimate":50370224.925,"standard_error":230270.51221352618},"median":{"confidence_interval":{"confidence_level":0.95,"lower_bound":49945210.5,"upper_bound":50071061.875},"point_estimate":49983387.25,"standard_error":33237.29388148496},"median_abs_dev":{"confidence_interval":{"confidence_level":0.95,"lower_bound":37496.80658429861,"upper_bound":191044.49675828218},"point_estimate":101197.64107838273,"standard_error":51322.22812581452},"slope":null,"std_dev":{"confidence_interval":{"confidence_level":0.95,"lower_bound":84423.99549070782,"upper_bound":1574937.0625303588},"point_estimate":1059000.68902001,"standard_error":382009.3779034754}}