{"mean":{"confidence_interval":{"confidence_level":0.95,"lower_bound":53265541.37916666,"upper_bound":53983025.412083335},"point_estimate":53571443.43333334,"standard_error":186479.5817934479},"median":{"confidence_interval":{"confidence_level":0.95,"lower_bound":53134250.0,"upper_bound":53679828.16666667},"point_estimate":53408184.83333333,"standard_error":132240.55124129466},"median_abs_dev":{"confidence_interval":{"confidence_level":0.95,"lower_bound":239521.19164764698,"upper_bound":681936.9309932012},"point_estimate":492905.18724918365,"standard_error":116655.83609088809},"slope":null,"std_dev":{"confidence_interval":{"confidence_level":0.95,"lower_bound":308064.5931900339,"upper_bound":1308323.6840408233},"point_estimate":857299.7750711417,"standard_error":298867.56493363203}}