{"mean":{"confidence_interval":{"confidence_level":0.95,"lower_bound":60359151.29708334,"upper_bound":60714442.09666667},"point_estimate":60524344.3,"standard_error":91051.04082230874},"median":{"confidence_interval":{"confidence_level":0.95,"lower_bound":60263453.33333333,"upper_bound":60559395.5},"point_estimate":60440491.0,"standard_error":84393.1810438489},"median_abs_dev":{"confidence_interval":{"confidence_level":0.95,"lower_bound":141728.6502838153,"upper_bound":513056.93319142604},"point_estimate":292495.2300071753,"standard_error":103430.59269033538},"slope":null,"std_dev":{"confidence_interval":{"confidence_level":0.95,"lower_bound":218553.15675057378,"upper_bound":546070.877034393},"point_estimate":417302.6301586704,"standard_error":84304.08477689496}}