{"mean":{"confidence_interval":{"confidence_level":0.95,"lower_bound":53865192.237500004,"upper_bound":54240320.74458333},"point_estimate":54029887.65,"standard_error":96359.90139342633},"median":{"confidence_interval":{"confidence_level":0.95,"lower_bound":53803707.0,"upper_bound":54138975.5},"point_estimate":53926995.66666667,"standard_error":77674.0470699868},"median_abs_dev":{"confidence_interval":{"confidence_level":0.95,"lower_bound":117070.78882157987,"upper_bound":426862.03012167854},"point_estimate":295382.34635591693,"standard_error":79886.26812073638},"slope":null,"std_dev":{"confidence_interval":{"confidence_level":0.95,"lower_bound":190956.2642411236,"upper_bound":652416.0927332591},"point_estimate":440807.9866254185,"standard_error":132971.23669219212}}