{"mean":{"confidence_interval":{"confidence_level":0.95,"lower_bound":57813380.682083346,"upper_bound":57976779.72833334},"point_estimate":57893002.38333334,"standard_error":41611.10355775062},"median":{"confidence_interval":{"confidence_level":0.95,"lower_bound":57782834.83333333,"upper_bound":58019680.5},"point_estimate":57869819.33333333,"standard_error":56264.40373765527},"median_abs_dev":{"confidence_interval":{"confidence_level":0.95,"lower_bound":82986.80382668787,"upper_bound":278761.1651510037},"point_estimate":221475.23186802864,"standard_error":50291.047977634225},"slope":null,"std_dev":{"confidence_interval":{"confidence_level":0.95,"lower_bound":122348.91125755105,"upper_bound":245532.44619057784},"point_estimate":189598.63224996036,"standard_error":32256.918966210367}}