{"mean":{"confidence_interval":{"confidence_level":0.95,"lower_bound":51084111.9575,"upper_bound":51352993.46458334},"point_estimate":51200925.666666664,"standard_error":69406.84052736268},"median":{"confidence_interval":{"confidence_level":0.95,"lower_bound":51049124.16666667,"upper_bound":51293118.16666667},"point_estimate":51131313.833333336,"standard_error":52385.00991962641},"median_abs_dev":{"confidence_interval":{"confidence_level":0.95,"lower_bound":68949.30017590155,"upper_bound":313168.13455015206},"point_estimate":239891.1003410798,"standard_error":61378.029535671376},"slope":null,"std_dev":{"confidence_interval":{"confidence_level":0.95,"lower_bound":137118.4576076484,"upper_bound":481582.9871473422},"point_estimate":318698.5249119308,"standard_error":103994.67685494166}}