{"mean":{"confidence_interval":{"confidence_level":0.95,"lower_bound":53528565.294583336,"upper_bound":53764893.79625},"point_estimate":53638783.63333333,"standard_error":60363.34626039637},"median":{"confidence_interval":{"confidence_level":0.95,"lower_bound":53495128.66666667,"upper_bound":53660481.5},"point_estimate":53619734.16666667,"standard_error":52270.76120660656},"median_abs_dev":{"confidence_interval":{"confidence_level":0.95,"lower_bound":73296.53039872462,"upper_bound":306335.0536614675},"point_estimate":195114.35723602035,"standard_error":54607.86632517239},"slope":null,"std_dev":{"confidence_interval":{"confidence_level":0.95,"lower_bound":137809.32150223886,"upper_bound":379585.2033478231},"point_estimate":277135.21517271915,"standard_error":63397.675126341885}}