{"mean":{"confidence_interval":{"confidence_level":0.95,"lower_bound":59280677.98291665,"upper_bound":59509618.48791667},"point_estimate":59394654.266666666,"standard_error":58444.47234432115},"median":{"confidence_interval":{"confidence_level":0.95,"lower_bound":59226696.66666667,"upper_bound":59586528.83333333},"point_estimate":59354364.83333333,"standard_error":123120.60046912027},"median_abs_dev":{"confidence_interval":{"confidence_level":0.95,"lower_bound":115838.74824345297,"upper_bound":456725.05299150205},"point_estimate":344206.34028912144,"standard_error":81629.4996040498},"slope":null,"std_dev":{"confidence_interval":{"confidence_level":0.95,"lower_bound":198867.1049327726,"upper_bound":322048.2896430958},"point_estimate":267646.348097342,"standard_error":31601.163516961675}}