{"mean":{"confidence_interval":{"confidence_level":0.95,"lower_bound":58249534.436249994,"upper_bound":59013106.945416674},"point_estimate":58548407.233333334,"standard_error":206181.434646182},"median":{"confidence_interval":{"confidence_level":0.95,"lower_bound":58123557.166666664,"upper_bound":58589212.0},"point_estimate":58287989.333333336,"standard_error":127384.89679729269},"median_abs_dev":{"confidence_interval":{"confidence_level":0.95,"lower_bound":89695.32160758604,"upper_bound":546963.0061894655},"point_estimate":301331.27875029674,"standard_error":122954.64093607233},"slope":null,"std_dev":{"confidence_interval":{"confidence_level":0.95,"lower_bound":246073.19967508074,"upper_bound":1516443.1684078034},"point_estimate":944601.7220370978,"standard_error":423013.52240323974}}