{"mean":{"confidence_interval":{"confidence_level":0.95,"lower_bound":54784131.065000005,"upper_bound":55017085.30416667},"point_estimate":54897217.516666666,"standard_error":59647.72365036414},"median":{"confidence_interval":{"confidence_level":0.95,"lower_bound":54743399.666666664,"upper_bound":55027451.33333333},"point_estimate":54892367.5,"standard_error":76265.20756267438},"median_abs_dev":{"confidence_interval":{"confidence_level":0.95,"lower_bound":127260.4513406864,"upper_bound":373097.51887618756},"point_estimate":255436.65526509468,"standard_error":60841.16676403287},"slope":null,"std_dev":{"confidence_interval":{"confidence_level":0.95,"lower_bound":167357.1258993491,"upper_bound":354299.47944850853},"point_estimate":273641.2826703803,"standard_error":48260.91071162365}}