{"mean":{"confidence_interval":{"confidence_level":0.95,"lower_bound":60875939.62125002,"upper_bound":61169211.668333344},"point_estimate":61024026.1,"standard_error":74997.69354496451},"median":{"confidence_interval":{"confidence_level":0.95,"lower_bound":60786083.66666667,"upper_bound":61228185.666666664},"point_estimate":61079423.5,"standard_error":126136.12270657311},"median_abs_dev":{"confidence_interval":{"confidence_level":0.95,"lower_bound":166692.91574060734,"upper_bound":547216.0365849696},"point_estimate":382771.73080444336,"standard_error":98994.35856961801},"slope":null,"std_dev":{"confidence_interval":{"confidence_level":0.95,"lower_bound":251790.63468354268,"upper_bound":410201.45093775995},"point_estimate":343514.7685349934,"standard_error":40391.77911801162}}