{"mean":{"confidence_interval":{"confidence_level":0.95,"lower_bound":59662118.73583334,"upper_bound":59852526.7625},"point_estimate":59746109.65000001,"standard_error":48834.77192652637},"median":{"confidence_interval":{"confidence_level":0.95,"lower_bound":59645237.0,"upper_bound":59776200.333333336},"point_estimate":59719921.66666667,"standard_error":42317.22732913804},"median_abs_dev":{"confidence_interval":{"confidence_level":0.95,"lower_bound":54109.21573936571,"upper_bound":222035.90175807106},"point_estimate":110727.48483420155,"standard_error":44054.80617205367},"slope":null,"std_dev":{"confidence_interval":{"confidence_level":0.95,"lower_bound":97980.6807928523,"upper_bound":333220.0053136793},"point_estimate":223560.51650845233,"standard_error":68480.86168233037}}