{"mean":{"confidence_interval":{"confidence_level":0.95,"lower_bound":60590848.48625,"upper_bound":61325198.88041666},"point_estimate":60886760.69999999,"standard_error":195621.1294736446},"median":{"confidence_interval":{"confidence_level":0.95,"lower_bound":60562022.5,"upper_bound":60844341.83333333},"point_estimate":60719986.333333336,"standard_error":67129.33111870199},"median_abs_dev":{"confidence_interval":{"confidence_level":0.95,"lower_bound":118150.61580240726,"upper_bound":523357.79070854187},"point_estimate":246065.1408314668,"standard_error":100300.49972675311},"slope":null,"std_dev":{"confidence_interval":{"confidence_level":0.95,"lower_bound":209519.7114093235,"upper_bound":1415942.1320309234},"point_estimate":897542.2229190874,"standard_error":376601.8295613208}}