{"mean":{"confidence_interval":{"confidence_level":0.95,"lower_bound":58589314.00541666,"upper_bound":58683932.42916666},"point_estimate":58635774.90000001,"standard_error":24233.37022852056},"median":{"confidence_interval":{"confidence_level":0.95,"lower_bound":58564021.33333333,"upper_bound":58702573.16666667},"point_estimate":58643980.5,"standard_error":38646.835972741836},"median_abs_dev":{"confidence_interval":{"confidence_level":0.95,"lower_bound":54934.035524725914,"upper_bound":161378.28903495896},"point_estimate":118116.76310301012,"standard_error":27853.098260582257},"slope":null,"std_dev":{"confidence_interval":{"confidence_level":0.95,"lower_bound":76567.21113037967,"upper_bound":139984.25591221193},"point_estimate":111405.31096997611,"standard_error":16515.302936482323}}