{"mean":{"confidence_interval":{"confidence_level":0.95,"lower_bound":59481006.15958333,"upper_bound":59677952.49666667},"point_estimate":59578292.64999999,"standard_error":50284.58054097155},"median":{"confidence_interval":{"confidence_level":0.95,"lower_bound":59418585.666666664,"upper_bound":59781244.166666664},"point_estimate":59510074.166666664,"standard_error":98391.69266374223},"median_abs_dev":{"confidence_interval":{"confidence_level":0.95,"lower_bound":119648.53597581202,"upper_bound":366721.8447893858},"point_estimate":282347.82158732414,"standard_error":65881.30439910908},"slope":null,"std_dev":{"confidence_interval":{"confidence_level":0.95,"lower_bound":178676.08218134675,"upper_bound":262814.71909922396},"point_estimate":230552.99255162306,"standard_error":21487.002548955716}}