{"mean":{"confidence_interval":{"confidence_level":0.95,"lower_bound":56755178.87500001,"upper_bound":57249844.702916674},"point_estimate":56940616.25,"standard_error":140379.22508845915},"median":{"confidence_interval":{"confidence_level":0.95,"lower_bound":56711376.16666667,"upper_bound":56873190.83333333},"point_estimate":56794832.5,"standard_error":38882.10316501664},"median_abs_dev":{"confidence_interval":{"confidence_level":0.95,"lower_bound":71474.41503107363,"upper_bound":226853.1161725558},"point_estimate":133023.07033836658,"standard_error":38784.0506000673},"slope":null,"std_dev":{"confidence_interval":{"confidence_level":0.95,"lower_bound":98592.92357623157,"upper_bound":1052869.2548064403},"point_estimate":646029.3711155405,"standard_error":326555.5956662219}}