{"mean":{"confidence_interval":{"confidence_level":0.95,"lower_bound":43123618.5996875,"upper_bound":43541797.86},"point_estimate":43296650.25,"standard_error":109036.21382210865},"median":{"confidence_interval":{"confidence_level":0.95,"lower_bound":43079004.375,"upper_bound":43197927.25},"point_estimate":43146573.25,"standard_error":35354.87903100578},"median_abs_dev":{"confidence_interval":{"confidence_level":0.95,"lower_bound":53502.58525013924,"upper_bound":285115.27976319194},"point_estimate":120780.93348070979,"standard_error":66227.87968344339},"slope":null,"std_dev":{"confidence_interval":{"confidence_level":0.95,"lower_bound":155443.33945758519,"upper_bound":770488.8834187199},"point_estimate":500866.5515506929,"standard_error":187532.71521961887}}