{"mean":{"confidence_interval":{"confidence_level":0.95,"lower_bound":51447766.646666676,"upper_bound":51862004.39666667},"point_estimate":51621848.70000001,"standard_error":108193.49331533251},"median":{"confidence_interval":{"confidence_level":0.95,"lower_bound":51393359.66666667,"upper_bound":51579796.0},"point_estimate":51473435.5,"standard_error":46916.36600969169},"median_abs_dev":{"confidence_interval":{"confidence_level":0.95,"lower_bound":76076.89954936689,"upper_bound":282596.65128290467},"point_estimate":157690.07450044155,"standard_error":53814.57956402553},"slope":null,"std_dev":{"confidence_interval":{"confidence_level":0.95,"lower_bound":117017.44511585933,"upper_bound":748195.0166577087},"point_estimate":496328.47943552746,"standard_error":177605.02701607568}}