{"mean":{"confidence_interval":{"confidence_level":0.95,"lower_bound":11667366.118574962,"upper_bound":11784433.24604374},"point_estimate":11718963.530479204,"standard_error":30241.37645743354},"median":{"confidence_interval":{"confidence_level":0.95,"lower_bound":11655619.07142857,"upper_bound":11720857.322916668},"point_estimate":11682684.225,"standard_error":13753.046874591208},"median_abs_dev":{"confidence_interval":{"confidence_level":0.95,"lower_bound":18331.810349547017,"upper_bound":94951.57093927218},"point_estimate":61461.239882305716,"standard_error":17633.010169459398},"slope":{"confidence_interval":{"confidence_level":0.95,"lower_bound":11663034.08150363,"upper_bound":11848640.702279864},"point_estimate":11743370.197735192,"standard_error":50391.7922412213},"std_dev":{"confidence_interval":{"confidence_level":0.95,"lower_bound":42223.84050392525,"upper_bound":194816.4177385355},"point_estimate":139197.58853507528,"standard_error":40524.99163447104}}