{"mean":{"confidence_interval":{"confidence_level":0.95,"lower_bound":55129316.59791667,"upper_bound":55520088.752083324},"point_estimate":55307008.21666666,"standard_error":99922.16980321663},"median":{"confidence_interval":{"confidence_level":0.95,"lower_bound":55057776.666666664,"upper_bound":55469113.5},"point_estimate":55255995.66666667,"standard_error":105707.41915237844},"median_abs_dev":{"confidence_interval":{"confidence_level":0.95,"lower_bound":188739.17734920242,"upper_bound":526387.9779547434},"point_estimate":383533.78719091415,"standard_error":84975.73973528306},"slope":null,"std_dev":{"confidence_interval":{"confidence_level":0.95,"lower_bound":237526.46182135984,"upper_bound":658317.8417323405},"point_estimate":458432.1769983451,"standard_error":120051.73265827406}}