{"mean":{"confidence_interval":{"confidence_level":0.95,"lower_bound":57986229.9325,"upper_bound":58546944.262916654},"point_estimate":58233035.35000001,"standard_error":145292.5242005734},"median":{"confidence_interval":{"confidence_level":0.95,"lower_bound":57860655.5,"upper_bound":58310635.66666667},"point_estimate":58068636.33333333,"standard_error":100643.13132772518},"median_abs_dev":{"confidence_interval":{"confidence_level":0.95,"lower_bound":199078.0882656556,"upper_bound":579337.3063147031},"point_estimate":394157.60440230556,"standard_error":97874.74491014636},"slope":null,"std_dev":{"confidence_interval":{"confidence_level":0.95,"lower_bound":250985.8920816427,"upper_bound":984113.4124028095},"point_estimate":669142.3324912585,"standard_error":207545.76110688102}}