{"mean":{"confidence_interval":{"confidence_level":0.95,"lower_bound":56379741.77666668,"upper_bound":56917800.31750001},"point_estimate":56618153.1,"standard_error":138607.7076506409},"median":{"confidence_interval":{"confidence_level":0.95,"lower_bound":56286595.16666667,"upper_bound":56718248.666666664},"point_estimate":56359370.833333336,"standard_error":123627.79629823187},"median_abs_dev":{"confidence_interval":{"confidence_level":0.95,"lower_bound":92050.43166577448,"upper_bound":675427.5758087598},"point_estimate":333913.6370718498,"standard_error":146893.2971483759},"slope":null,"std_dev":{"confidence_interval":{"confidence_level":0.95,"lower_bound":292818.877605909,"upper_bound":907489.9907080185},"point_estimate":636327.6897995083,"standard_error":172059.6706402565}}