{"mean":{"confidence_interval":{"confidence_level":0.95,"lower_bound":57532775.00916667,"upper_bound":57656012.95291667},"point_estimate":57595376.61666666,"standard_error":31506.8697244782},"median":{"confidence_interval":{"confidence_level":0.95,"lower_bound":57540611.0,"upper_bound":57666895.5},"point_estimate":57607048.0,"standard_error":32586.573225383025},"median_abs_dev":{"confidence_interval":{"confidence_level":0.95,"lower_bound":60529.12072538593,"upper_bound":209304.5686841011},"point_estimate":135069.5525020324,"standard_error":38034.4310563262},"slope":null,"std_dev":{"confidence_interval":{"confidence_level":0.95,"lower_bound":93410.13892904865,"upper_bound":181791.6483852549},"point_estimate":144463.96120962975,"standard_error":22603.664872145862}}