{"mean":{"confidence_interval":{"confidence_level":0.95,"lower_bound":56575416.79000001,"upper_bound":57764992.040833324},"point_estimate":57056469.93333334,"standard_error":314945.7359800042},"median":{"confidence_interval":{"confidence_level":0.95,"lower_bound":56560930.333333336,"upper_bound":56989341.166666664},"point_estimate":56737734.66666667,"standard_error":111732.38743796805},"median_abs_dev":{"confidence_interval":{"confidence_level":0.95,"lower_bound":189296.63493931663,"upper_bound":833950.6243944168},"point_estimate":495899.29789602757,"standard_error":178483.08119085422},"slope":null,"std_dev":{"confidence_interval":{"confidence_level":0.95,"lower_bound":372467.6589991697,"upper_bound":2271201.3605233147},"point_estimate":1443025.4836087083,"standard_error":589524.1048760685}}