{"mean":{"confidence_interval":{"confidence_level":0.95,"lower_bound":56409229.793749996,"upper_bound":56809516.48875},"point_estimate":56595479.833333336,"standard_error":102061.2114544908},"median":{"confidence_interval":{"confidence_level":0.95,"lower_bound":56293206.0,"upper_bound":56826464.83333333},"point_estimate":56631921.0,"standard_error":161511.2485902056},"median_abs_dev":{"confidence_interval":{"confidence_level":0.95,"lower_bound":125633.05076957117,"upper_bound":573847.4857121633},"point_estimate":388201.5061080437,"standard_error":126351.51863529863},"slope":null,"std_dev":{"confidence_interval":{"confidence_level":0.95,"lower_bound":278882.5989236894,"upper_bound":659638.6975726482},"point_estimate":468590.88791255053,"standard_error":109412.87321379977}}