{"mean":{"confidence_interval":{"confidence_level":0.95,"lower_bound":57049053.72125,"upper_bound":57232007.351250015},"point_estimate":57140477.88333334,"standard_error":46848.108036835125},"median":{"confidence_interval":{"confidence_level":0.95,"lower_bound":57051248.16666667,"upper_bound":57286062.66666667},"point_estimate":57139441.33333333,"standard_error":58845.95542217593},"median_abs_dev":{"confidence_interval":{"confidence_level":0.95,"lower_bound":90721.77498936653,"upper_bound":338159.3091964648},"point_estimate":255958.77755582702,"standard_error":63763.70043628389},"slope":null,"std_dev":{"confidence_interval":{"confidence_level":0.95,"lower_bound":151559.65811045928,"upper_bound":263667.2108404333},"point_estimate":215476.51110075988,"standard_error":28719.731961016463}}