{"mean":{"confidence_interval":{"confidence_level":0.95,"lower_bound":53887589.71958333,"upper_bound":55650599.85125},"point_estimate":54605998.35,"standard_error":462549.61700581684},"median":{"confidence_interval":{"confidence_level":0.95,"lower_bound":53758523.0,"upper_bound":54155765.5},"point_estimate":53948954.333333336,"standard_error":101408.17508660343},"median_abs_dev":{"confidence_interval":{"confidence_level":0.95,"lower_bound":156267.61866569248,"upper_bound":831615.7765358705},"point_estimate":400083.3093971014,"standard_error":189981.81377921064},"slope":null,"std_dev":{"confidence_interval":{"confidence_level":0.95,"lower_bound":402354.1990619119,"upper_bound":3274558.5552081596},"point_estimate":2123508.4471377167,"standard_error":837446.4096112467}}