{"mean":{"confidence_interval":{"confidence_level":0.95,"lower_bound":53287298.02625,"upper_bound":53602066.22083334},"point_estimate":53442625.81666668,"standard_error":80799.19782415955},"median":{"confidence_interval":{"confidence_level":0.95,"lower_bound":53159576.0,"upper_bound":53628720.5},"point_estimate":53479076.0,"standard_error":146289.7497181526},"median_abs_dev":{"confidence_interval":{"confidence_level":0.95,"lower_bound":137091.07756614868,"upper_bound":627312.0175629817},"point_estimate":427333.0027133245,"standard_error":119812.18920970715},"slope":null,"std_dev":{"confidence_interval":{"confidence_level":0.95,"lower_bound":261690.80525172024,"upper_bound":445815.68502718856},"point_estimate":368981.17689806543,"standard_error":46980.54137375029}}