{"mean":{"confidence_interval":{"confidence_level":0.95,"lower_bound":60036691.29166667,"upper_bound":60272474.12750001},"point_estimate":60157471.25,"standard_error":60034.63832658667},"median":{"confidence_interval":{"confidence_level":0.95,"lower_bound":60060515.33333333,"upper_bound":60263809.0},"point_estimate":60171231.5,"standard_error":47948.03077112896},"median_abs_dev":{"confidence_interval":{"confidence_level":0.95,"lower_bound":85378.9788842238,"upper_bound":361612.55818009743},"point_estimate":172502.97793746178,"standard_error":65923.39874570965},"slope":null,"std_dev":{"confidence_interval":{"confidence_level":0.95,"lower_bound":166658.80324689508,"upper_bound":354096.1834786834},"point_estimate":275481.740067905,"standard_error":48157.56972014253}}