{"mean":{"confidence_interval":{"confidence_level":0.95,"lower_bound":44157465.474374995,"upper_bound":44999729.721250005},"point_estimate":44542201.825,"standard_error":215645.7575863425},"median":{"confidence_interval":{"confidence_level":0.95,"lower_bound":43835832.125,"upper_bound":44878980.125},"point_estimate":44139864.375,"standard_error":280390.2066613954},"median_abs_dev":{"confidence_interval":{"confidence_level":0.95,"lower_bound":174859.87947061658,"upper_bound":1270927.692836523},"point_estimate":620823.9129781723,"standard_error":281953.7637287598},"slope":null,"std_dev":{"confidence_interval":{"confidence_level":0.95,"lower_bound":489929.4889500358,"upper_bound":1303331.3496378467},"point_estimate":987783.3031257814,"standard_error":210328.53154292962}}