{"mean":{"confidence_interval":{"confidence_level":0.95,"lower_bound":56611773.23999999,"upper_bound":56794899.910000004},"point_estimate":56706607.5,"standard_error":46719.24313314162},"median":{"confidence_interval":{"confidence_level":0.95,"lower_bound":56582092.333333336,"upper_bound":56856668.16666667},"point_estimate":56795409.0,"standard_error":81263.06145715836},"median_abs_dev":{"confidence_interval":{"confidence_level":0.95,"lower_bound":76811.03363632971,"upper_bound":342296.5044230204},"point_estimate":198272.29517996128,"standard_error":68095.52993314073},"slope":null,"std_dev":{"confidence_interval":{"confidence_level":0.95,"lower_bound":148070.31627282995,"upper_bound":257570.09778917182},"point_estimate":214455.6446438483,"standard_error":27952.168232482218}}