{"mean":{"confidence_interval":{"confidence_level":0.95,"lower_bound":57798623.69541666,"upper_bound":58376869.80708334},"point_estimate":58053928.083333336,"standard_error":149483.66972142135},"median":{"confidence_interval":{"confidence_level":0.95,"lower_bound":57660264.83333333,"upper_bound":58262868.833333336},"point_estimate":57830597.166666664,"standard_error":151637.96749988443},"median_abs_dev":{"confidence_interval":{"confidence_level":0.95,"lower_bound":184781.3767194785,"upper_bound":723183.8506609293},"point_estimate":439610.66019534325,"standard_error":141924.9000427338},"slope":null,"std_dev":{"confidence_interval":{"confidence_level":0.95,"lower_bound":318534.63688198547,"upper_bound":1008591.7053109991},"point_estimate":686934.9434869627,"standard_error":202957.1764104667}}