{"mean":{"confidence_interval":{"confidence_level":0.95,"lower_bound":52250660.34500001,"upper_bound":52474545.603750005},"point_estimate":52352286.7,"standard_error":57712.007428094556},"median":{"confidence_interval":{"confidence_level":0.95,"lower_bound":52192662.33333333,"upper_bound":52398173.833333336},"point_estimate":52265423.16666667,"standard_error":56518.306639346636},"median_abs_dev":{"confidence_interval":{"confidence_level":0.95,"lower_bound":63079.68688010801,"upper_bound":304542.0960933007},"point_estimate":154360.89625954628,"standard_error":58821.35599054627},"slope":null,"std_dev":{"confidence_interval":{"confidence_level":0.95,"lower_bound":120338.69085986003,"upper_bound":363817.54299044824},"point_estimate":264322.540405837,"standard_error":63213.80632397546}}