{"mean":{"confidence_interval":{"confidence_level":0.95,"lower_bound":53142475.08083334,"upper_bound":53403057.33166667},"point_estimate":53271463.56666667,"standard_error":66515.78344791704},"median":{"confidence_interval":{"confidence_level":0.95,"lower_bound":53078486.33333333,"upper_bound":53460469.66666667},"point_estimate":53255647.0,"standard_error":114974.06464945282},"median_abs_dev":{"confidence_interval":{"confidence_level":0.95,"lower_bound":169289.19539452152,"upper_bound":477188.8862282038},"point_estimate":335816.3070380688,"standard_error":80897.95359826769},"slope":null,"std_dev":{"confidence_interval":{"confidence_level":0.95,"lower_bound":222636.4020302067,"upper_bound":364768.03671832744},"point_estimate":304915.04910400056,"standard_error":36180.04846132181}}