{"mean":{"confidence_interval":{"confidence_level":0.95,"lower_bound":58391916.48291667,"upper_bound":58596734.40208333},"point_estimate":58489736.53333334,"standard_error":52153.87408316189},"median":{"confidence_interval":{"confidence_level":0.95,"lower_bound":58428338.33333333,"upper_bound":58534032.66666667},"point_estimate":58468890.83333333,"standard_error":28988.677403905003},"median_abs_dev":{"confidence_interval":{"confidence_level":0.95,"lower_bound":53367.1744525451,"upper_bound":236155.1955074072},"point_estimate":110388.21654021555,"standard_error":46297.83091939304},"slope":null,"std_dev":{"confidence_interval":{"confidence_level":0.95,"lower_bound":111893.45418987579,"upper_bound":337147.66027511},"point_estimate":239065.10843286317,"standard_error":58927.55281614673}}