{"mean":{"confidence_interval":{"confidence_level":0.95,"lower_bound":60176691.68291668,"upper_bound":60357884.83208334},"point_estimate":60266047.583333336,"standard_error":46244.5073771832},"median":{"confidence_interval":{"confidence_level":0.95,"lower_bound":60146573.66666667,"upper_bound":60414566.16666667},"point_estimate":60197937.66666667,"standard_error":72495.11184373968},"median_abs_dev":{"confidence_interval":{"confidence_level":0.95,"lower_bound":64584.03165340792,"upper_bound":365326.2240141649},"point_estimate":237683.01478028297,"standard_error":71615.45577990856},"slope":null,"std_dev":{"confidence_interval":{"confidence_level":0.95,"lower_bound":160020.88526181577,"upper_bound":241125.92313775426},"point_estimate":211679.60576083566,"standard_error":20642.615658695227}}