{"mean":{"confidence_interval":{"confidence_level":0.95,"lower_bound":55806471.400000006,"upper_bound":56100364.975416675},"point_estimate":55952037.483333334,"standard_error":75089.35630575368},"median":{"confidence_interval":{"confidence_level":0.95,"lower_bound":55798270.0,"upper_bound":56149711.33333333},"point_estimate":55975863.5,"standard_error":78219.04019272795},"median_abs_dev":{"confidence_interval":{"confidence_level":0.95,"lower_bound":125566.33377075563,"upper_bound":456211.0850006305},"point_estimate":293395.1681911982,"standard_error":82986.5643397243},"slope":null,"std_dev":{"confidence_interval":{"confidence_level":0.95,"lower_bound":214898.40575570962,"upper_bound":446819.26975944836},"point_estimate":345091.25215553446,"standard_error":59519.071670894926}}