{"mean":{"confidence_interval":{"confidence_level":0.95,"lower_bound":57035466.50791665,"upper_bound":57357659.09083333},"point_estimate":57188483.21666666,"standard_error":82481.9470972476},"median":{"confidence_interval":{"confidence_level":0.95,"lower_bound":56978566.0,"upper_bound":57276815.16666667},"point_estimate":57131236.5,"standard_error":77979.14604897362},"median_abs_dev":{"confidence_interval":{"confidence_level":0.95,"lower_bound":142853.94366383183,"upper_bound":585225.6992101707},"point_estimate":290662.9835397005,"standard_error":112809.24718768707},"slope":null,"std_dev":{"confidence_interval":{"confidence_level":0.95,"lower_bound":234306.98299917398,"upper_bound":474817.4230269954},"point_estimate":378167.79246125754,"standard_error":61417.25144477947}}