{"mean":{"confidence_interval":{"confidence_level":0.95,"lower_bound":27257233.060067818,"upper_bound":28065452.490855936},"point_estimate":27555755.98293981,"standard_error":231957.94953195314},"median":{"confidence_interval":{"confidence_level":0.95,"lower_bound":27246409.825000003,"upper_bound":27409681.516666666},"point_estimate":27338895.939393938,"standard_error":45862.65946352622},"median_abs_dev":{"confidence_interval":{"confidence_level":0.95,"lower_bound":78912.32257902824,"upper_bound":325624.13835478725},"point_estimate":159895.29370129164,"standard_error":66037.02026457523},"slope":{"confidence_interval":{"confidence_level":0.95,"lower_bound":27190406.872633226,"upper_bound":27353033.195753746},"point_estimate":27270380.49442509,"standard_error":41534.720544585616},"std_dev":{"confidence_interval":{"confidence_level":0.95,"lower_bound":135281.48900331307,"upper_bound":1737075.0174235418},"point_estimate":1063446.461378643,"standard_error":549121.6836542023}}