{"mean":{"confidence_interval":{"confidence_level":0.95,"lower_bound":25306672.387006387,"upper_bound":25465813.6882905},"point_estimate":25379300.866047684,"standard_error":40780.7374502385},"median":{"confidence_interval":{"confidence_level":0.95,"lower_bound":25269189.8,"upper_bound":25416989.5},"point_estimate":25301523.285714284,"standard_error":44317.79751302467},"median_abs_dev":{"confidence_interval":{"confidence_level":0.95,"lower_bound":34838.80135148653,"upper_bound":255581.67509409855},"point_estimate":143724.9417317036,"standard_error":54700.43947598191},"slope":{"confidence_interval":{"confidence_level":0.95,"lower_bound":25349623.17955825,"upper_bound":25612150.030410238},"point_estimate":25492173.60522648,"standard_error":66678.80504492973},"std_dev":{"confidence_interval":{"confidence_level":0.95,"lower_bound":98703.1811964242,"upper_bound":254603.15753039546},"point_estimate":186875.00600191907,"standard_error":42042.64926690749}}