{"mean":{"confidence_interval":{"confidence_level":0.95,"lower_bound":25126640.494352132,"upper_bound":25230474.44211452},"point_estimate":25171604.534623932,"standard_error":26882.800622240153},"median":{"confidence_interval":{"confidence_level":0.95,"lower_bound":25107647.92857143,"upper_bound":25166060.708333336},"point_estimate":25135859.21754386,"standard_error":16570.47031803225},"median_abs_dev":{"confidence_interval":{"confidence_level":0.95,"lower_bound":16542.38069540759,"upper_bound":85108.48822652374},"point_estimate":51771.205000876274,"standard_error":16484.64370201924},"slope":{"confidence_interval":{"confidence_level":0.95,"lower_bound":25116424.672097202,"upper_bound":25255106.310115837},"point_estimate":25167179.98118467,"standard_error":38367.32347250053},"std_dev":{"confidence_interval":{"confidence_level":0.95,"lower_bound":32605.243155350945,"upper_bound":176928.24371641836},"point_estimate":123089.37957368254,"standard_error":38177.369819088264}}