{"mean":{"confidence_interval":{"confidence_level":0.95,"lower_bound":24718598.182124596,"upper_bound":25160174.681953494},"point_estimate":24896156.192457713,"standard_error":116550.98045271786},"median":{"confidence_interval":{"confidence_level":0.95,"lower_bound":24622027.3625,"upper_bound":24915066.911764704},"point_estimate":24747869.875,"standard_error":80037.52810677305},"median_abs_dev":{"confidence_interval":{"confidence_level":0.95,"lower_bound":70182.53507067729,"upper_bound":382620.786236419},"point_estimate":218094.6383285792,"standard_error":82850.20709451949},"slope":{"confidence_interval":{"confidence_level":0.95,"lower_bound":24801734.878147688,"upper_bound":25039028.688841466},"point_estimate":24939840.43066202,"standard_error":60413.81981994696},"std_dev":{"confidence_interval":{"confidence_level":0.95,"lower_bound":164689.79189203313,"upper_bound":842079.0502040108},"point_estimate":533796.8977529666,"standard_error":217786.21100524266}}