{"mean":{"confidence_interval":{"confidence_level":0.95,"lower_bound":27400575.876271155,"upper_bound":27647711.415321756},"point_estimate":27520385.119947575,"standard_error":62880.72573440896},"median":{"confidence_interval":{"confidence_level":0.95,"lower_bound":27404589.468899522,"upper_bound":27629287.82142857},"point_estimate":27509024.866666667,"standard_error":54190.91160568415},"median_abs_dev":{"confidence_interval":{"confidence_level":0.95,"lower_bound":103238.59681320681,"upper_bound":369219.08676505164},"point_estimate":233726.89443051742,"standard_error":68877.35506145992},"slope":{"confidence_interval":{"confidence_level":0.95,"lower_bound":27256073.38463166,"upper_bound":27678372.025935635},"point_estimate":27431822.0358885,"standard_error":110991.19101422543},"std_dev":{"confidence_interval":{"confidence_level":0.95,"lower_bound":167808.40634068474,"upper_bound":381431.7412365547},"point_estimate":287589.61653882265,"standard_error":55353.76253238615}}