{"mean":{"confidence_interval":{"confidence_level":0.95,"lower_bound":27071854.49875,"upper_bound":27195029.901249997},"point_estimate":27132418.741666667,"standard_error":31468.077084965134},"median":{"confidence_interval":{"confidence_level":0.95,"lower_bound":27038741.666666664,"upper_bound":27238096.416666668},"point_estimate":27104569.333333336,"standard_error":45876.17980423396},"median_abs_dev":{"confidence_interval":{"confidence_level":0.95,"lower_bound":76002.52245068274,"upper_bound":235525.95536857937},"point_estimate":183984.9734336156,"standard_error":43723.64588255301},"slope":null,"std_dev":{"confidence_interval":{"confidence_level":0.95,"lower_bound":105044.91101523225,"upper_bound":172352.4440786533},"point_estimate":144454.78908253118,"standard_error":17099.620236232673}}