{"mean":{"confidence_interval":{"confidence_level":0.95,"lower_bound":26386327.230139215,"upper_bound":26465222.109295007},"point_estimate":26429242.03668188,"standard_error":20206.48703620259},"median":{"confidence_interval":{"confidence_level":0.95,"lower_bound":26392924.62878788,"upper_bound":26493017.02222222},"point_estimate":26437961.298245613,"standard_error":28368.43562348551},"median_abs_dev":{"confidence_interval":{"confidence_level":0.95,"lower_bound":33691.42546852491,"upper_bound":107958.43546441355},"point_estimate":85061.63096090996,"standard_error":19369.86401715276},"slope":{"confidence_interval":{"confidence_level":0.95,"lower_bound":26383525.477830246,"upper_bound":26448217.90622074},"point_estimate":26415078.26097561,"standard_error":16582.91031026656},"std_dev":{"confidence_interval":{"confidence_level":0.95,"lower_bound":50974.50816254864,"upper_bound":132607.1008574374},"point_estimate":92628.9402748642,"standard_error":23673.51634315632}}