{"mean":{"confidence_interval":{"confidence_level":0.95,"lower_bound":28748164.699583333,"upper_bound":28839272.507916663},"point_estimate":28795571.85,"standard_error":23268.03905662056},"median":{"confidence_interval":{"confidence_level":0.95,"lower_bound":28755113.0,"upper_bound":28858572.583333332},"point_estimate":28809442.583333336,"standard_error":25898.729864736368},"median_abs_dev":{"confidence_interval":{"confidence_level":0.95,"lower_bound":46193.73802989721,"upper_bound":161434.33131396773},"point_estimate":85224.41783695953,"standard_error":28345.947150790922},"slope":null,"std_dev":{"confidence_interval":{"confidence_level":0.95,"lower_bound":66698.0702644483,"upper_bound":135670.3090219489},"point_estimate":106904.77470159903,"standard_error":17660.215062677195}}