{"mean":{"confidence_interval":{"confidence_level":0.95,"lower_bound":24115666.459405415,"upper_bound":24595311.003773123},"point_estimate":24301320.478688788,"standard_error":130195.9078916784},"median":{"confidence_interval":{"confidence_level":0.95,"lower_bound":24076843.727272727,"upper_bound":24168268.864661656},"point_estimate":24140057.15,"standard_error":23900.72386533204},"median_abs_dev":{"confidence_interval":{"confidence_level":0.95,"lower_bound":33148.586151240495,"upper_bound":210908.23465036892},"point_estimate":93720.21887158685,"standard_error":46789.10961357815},"slope":{"confidence_interval":{"confidence_level":0.95,"lower_bound":24132961.882573828,"upper_bound":24669279.465763405},"point_estimate":24344304.10801394,"standard_error":142348.96731540002},"std_dev":{"confidence_interval":{"confidence_level":0.95,"lower_bound":98103.17116311322,"upper_bound":952056.0395128768},"point_estimate":595659.9514220724,"standard_error":271522.8314831882}}