{"mean":{"confidence_interval":{"confidence_level":0.95,"lower_bound":27956926.1697524,"upper_bound":28126380.449536715},"point_estimate":28038166.89784596,"standard_error":43213.58810066925},"median":{"confidence_interval":{"confidence_level":0.95,"lower_bound":27954542.34520124,"upper_bound":28094137.972727273},"point_estimate":28007596.230769232,"standard_error":34159.019397668526},"median_abs_dev":{"confidence_interval":{"confidence_level":0.95,"lower_bound":51320.96539939724,"upper_bound":238416.0654288073},"point_estimate":124575.96966012947,"standard_error":47266.17956184144},"slope":{"confidence_interval":{"confidence_level":0.95,"lower_bound":27897231.17621638,"upper_bound":28052545.761703372},"point_estimate":27974146.079790942,"standard_error":39374.64760536223},"std_dev":{"confidence_interval":{"confidence_level":0.95,"lower_bound":106280.89013809703,"upper_bound":263873.93225525925},"point_estimate":197737.10213634692,"standard_error":40709.75160452532}}