{"mean":{"confidence_interval":{"confidence_level":0.95,"lower_bound":27214735.394338384,"upper_bound":27372472.33319943},"point_estimate":27294143.75707649,"standard_error":40217.695587205824},"median":{"confidence_interval":{"confidence_level":0.95,"lower_bound":27262352.69736842,"upper_bound":27364477.154761903},"point_estimate":27321207.570588235,"standard_error":33618.16254721727},"median_abs_dev":{"confidence_interval":{"confidence_level":0.95,"lower_bound":52921.69676633366,"upper_bound":248924.83435174118},"point_estimate":94974.9381454364,"standard_error":52776.31798968999},"slope":{"confidence_interval":{"confidence_level":0.95,"lower_bound":27225380.526536744,"upper_bound":27367304.086765163},"point_estimate":27298856.365505226,"standard_error":35761.193780407084},"std_dev":{"confidence_interval":{"confidence_level":0.95,"lower_bound":111263.52125872581,"upper_bound":240273.04740730856},"point_estimate":184605.28217906182,"standard_error":32938.68531655539}}