{"mean":{"confidence_interval":{"confidence_level":0.95,"lower_bound":28973444.59291667,"upper_bound":29124245.724375002},"point_estimate":29048212.491666667,"standard_error":38582.52538407197},"median":{"confidence_interval":{"confidence_level":0.95,"lower_bound":28882385.166666668,"upper_bound":29163309.25},"point_estimate":29090545.083333332,"standard_error":88669.97178033653},"median_abs_dev":{"confidence_interval":{"confidence_level":0.95,"lower_bound":49350.81112384704,"upper_bound":307725.6088867765},"point_estimate":229285.07432937805,"standard_error":72177.4710117604},"slope":null,"std_dev":{"confidence_interval":{"confidence_level":0.95,"lower_bound":134477.08506311115,"upper_bound":212091.6778877499},"point_estimate":177545.45065300155,"standard_error":20229.792245276116}}