{"mean":{"confidence_interval":{"confidence_level":0.95,"lower_bound":26626641.394550975,"upper_bound":26744923.66229358},"point_estimate":26679347.188032907,"standard_error":30370.903397097063},"median":{"confidence_interval":{"confidence_level":0.95,"lower_bound":26634350.454545453,"upper_bound":26669494.339869283},"point_estimate":26653577.958333336,"standard_error":10175.97447161949},"median_abs_dev":{"confidence_interval":{"confidence_level":0.95,"lower_bound":17658.875874641453,"upper_bound":90428.70489072213},"point_estimate":39658.560895920724,"standard_error":19729.10871653915},"slope":{"confidence_interval":{"confidence_level":0.95,"lower_bound":26590858.722676963,"upper_bound":26826617.73782603},"point_estimate":26699200.337979093,"standard_error":60818.0837903968},"std_dev":{"confidence_interval":{"confidence_level":0.95,"lower_bound":42065.748201368544,"upper_bound":197916.62914085016},"point_estimate":139701.32078039055,"standard_error":39459.12019563015}}