{"mean":{"confidence_interval":{"confidence_level":0.95,"lower_bound":25144793.989418916,"upper_bound":25340364.245527633},"point_estimate":25218657.087191124,"standard_error":54610.711376900224},"median":{"confidence_interval":{"confidence_level":0.95,"lower_bound":25133016.67647059,"upper_bound":25185008.40833333},"point_estimate":25163986.444444444,"standard_error":13986.593325711792},"median_abs_dev":{"confidence_interval":{"confidence_level":0.95,"lower_bound":21429.911852879413,"upper_bound":70197.9231017763},"point_estimate":44556.19182367346,"standard_error":11966.16327334482},"slope":{"confidence_interval":{"confidence_level":0.95,"lower_bound":25141192.7992293,"upper_bound":25225753.5355206},"point_estimate":25169772.00662021,"standard_error":22373.98792510537},"std_dev":{"confidence_interval":{"confidence_level":0.95,"lower_bound":30089.891789859288,"upper_bound":404272.76621219626},"point_estimate":250349.0722963331,"standard_error":122141.35000242078}}