{"mean":{"confidence_interval":{"confidence_level":0.95,"lower_bound":24328277.046471566,"upper_bound":24557896.630910736},"point_estimate":24432766.939197354,"standard_error":59205.73294322663},"median":{"confidence_interval":{"confidence_level":0.95,"lower_bound":24269311.322115384,"upper_bound":24452757.319444444},"point_estimate":24327483.872222222,"standard_error":47316.660082998664},"median_abs_dev":{"confidence_interval":{"confidence_level":0.95,"lower_bound":57611.880640820775,"upper_bound":264407.08792457776},"point_estimate":116824.0906576226,"standard_error":57356.87684342086},"slope":{"confidence_interval":{"confidence_level":0.95,"lower_bound":24284484.793180726,"upper_bound":24355432.830259066},"point_estimate":24320661.803135887,"standard_error":18152.041261980816},"std_dev":{"confidence_interval":{"confidence_level":0.95,"lower_bound":114618.96535385335,"upper_bound":363830.41042158654},"point_estimate":271721.74071014876,"standard_error":64061.44995981373}}