{"mean":{"confidence_interval":{"confidence_level":0.95,"lower_bound":27624554.743152667,"upper_bound":27756270.955051254},"point_estimate":27685528.63729132,"standard_error":33683.152354087964},"median":{"confidence_interval":{"confidence_level":0.95,"lower_bound":27623168.808333334,"upper_bound":27703674.03030303},"point_estimate":27677460.00625,"standard_error":24697.532387365274},"median_abs_dev":{"confidence_interval":{"confidence_level":0.95,"lower_bound":43006.895326375714,"upper_bound":178483.87271628005},"point_estimate":90072.00966590311,"standard_error":35621.98823185595},"slope":{"confidence_interval":{"confidence_level":0.95,"lower_bound":27565267.80449846,"upper_bound":27807945.19321801},"point_estimate":27665841.74773519,"standard_error":65347.27289749954},"std_dev":{"confidence_interval":{"confidence_level":0.95,"lower_bound":79429.58216642078,"upper_bound":212424.53247205188},"point_estimate":154598.00655814316,"standard_error":35428.48524866295}}