{"mean":{"confidence_interval":{"confidence_level":0.95,"lower_bound":28563412.82708333,"upper_bound":28754769.036875006},"point_estimate":28650717.241666663,"standard_error":48976.073187162976},"median":{"confidence_interval":{"confidence_level":0.95,"lower_bound":28510866.0,"upper_bound":28713451.25},"point_estimate":28620620.083333332,"standard_error":51430.26931783532},"median_abs_dev":{"confidence_interval":{"confidence_level":0.95,"lower_bound":76542.06529110578,"upper_bound":258016.37921929266},"point_estimate":171035.82171350534,"standard_error":45153.44655301512},"slope":null,"std_dev":{"confidence_interval":{"confidence_level":0.95,"lower_bound":113897.34171128439,"upper_bound":316441.1397599461},"point_estimate":224678.77105831855,"standard_error":55508.12929824027}}