{"mean":{"confidence_interval":{"confidence_level":0.95,"lower_bound":24276484.184124272,"upper_bound":24437379.34703061},"point_estimate":24345321.754853833,"standard_error":41819.806084352},"median":{"confidence_interval":{"confidence_level":0.95,"lower_bound":24249393.625,"upper_bound":24345809.972222224},"point_estimate":24297725.905701756,"standard_error":27839.081582414896},"median_abs_dev":{"confidence_interval":{"confidence_level":0.95,"lower_bound":42212.0554023394,"upper_bound":135805.00712989105},"point_estimate":77715.08894234149,"standard_error":24251.70204560103},"slope":{"confidence_interval":{"confidence_level":0.95,"lower_bound":24280808.37862474,"upper_bound":24373259.17269717},"point_estimate":24324175.05261324,"standard_error":23672.989183809856},"std_dev":{"confidence_interval":{"confidence_level":0.95,"lower_bound":57232.10274820646,"upper_bound":285177.31788147805},"point_estimate":192084.29405778777,"standard_error":64430.685869759196}}