{"mean":{"confidence_interval":{"confidence_level":0.95,"lower_bound":28869583.71479167,"upper_bound":29076665.135},"point_estimate":28976071.741666663,"standard_error":53050.59203468446},"median":{"confidence_interval":{"confidence_level":0.95,"lower_bound":28955470.25,"upper_bound":29116172.333333336},"point_estimate":29040249.75,"standard_error":52560.23907051899},"median_abs_dev":{"confidence_interval":{"confidence_level":0.95,"lower_bound":84768.14769506823,"upper_bound":377267.2077521682},"point_estimate":158482.15353637934,"standard_error":81330.98131360677},"slope":null,"std_dev":{"confidence_interval":{"confidence_level":0.95,"lower_bound":162329.48182791803,"upper_bound":288529.33710026735},"point_estimate":242895.36870834028,"standard_error":31995.127446162114}}