{"mean":{"confidence_interval":{"confidence_level":0.95,"lower_bound":28804419.131458327,"upper_bound":28936757.66770833},"point_estimate":28871203.625,"standard_error":33941.62663880659},"median":{"confidence_interval":{"confidence_level":0.95,"lower_bound":28756089.166666664,"upper_bound":28983399.416666664},"point_estimate":28864406.25,"standard_error":52145.059566836135},"median_abs_dev":{"confidence_interval":{"confidence_level":0.95,"lower_bound":88555.94352781681,"upper_bound":252652.70316451695},"point_estimate":183983.73793363664,"standard_error":42977.061476970586},"slope":null,"std_dev":{"confidence_interval":{"confidence_level":0.95,"lower_bound":114775.51222208151,"upper_bound":185033.64791702043},"point_estimate":155945.43639400482,"standard_error":17990.444771153503}}